id,cm_t0_p0,cm_t0_p1,cm_t0_p2,cm_t0_p3,cm_t1_p0,cm_t1_p1,cm_t1_p2,cm_t1_p3,cm_t2_p0,cm_t2_p1,cm_t2_p2,cm_t2_p3,cm_t3_p0,cm_t3_p1,cm_t3_p2,cm_t3_p3
ROI_0001__20190212T142031_20190212T143214_T19FDF,0,0,179992,0,0,0,0,0,0,0,82152,0,0,0,0,0
ROI_0001__20190304T142031_20190304T142654_T19FDF,0,1353,3567,7916,0,22,34047,5632,0,0,1,0,0,2051,6923,200632
ROI_0001__20190316T141049_20190316T142437_T19FDF,0,1001,11006,65783,0,19254,85948,33721,0,0,0,0,0,1969,3662,39800
ROI_0001__20190525T141059_20190525T142053_T19FDF,0,0,53634,58217,0,3,64977,0,0,1,58596,0,0,0,15534,11182
ROI_0001__20200308T141731_20200308T143551_T19FDF,0,0,262144,0,0,0,0,0,0,0,0,0,0,0,0,0
ROI_0010__20190125T112341_20190125T112624_T28QFG,3,0,241915,0,0,0,0,0,133,0,20093,0,0,0,0,0
ROI_0010__20190724T112121_20190724T113118_T28QFG,0,0,72358,0,0,0,73938,0,0,0,66028,0,0,0,49820,0
ROI_0010__20190813T112121_20190813T113228_T28QFG,0,0,50356,0,0,0,148169,0,0,0,0,0,0,0,63619,0
ROI_0010__20190907T112119_20190907T112853_T28QFG,237,0,261907,0,0,0,0,0,0,0,0,0,0,0,0,0
ROI_0010__20190922T112111_20190922T113547_T28QFG,0,0,3063,0,0,0,243045,0,0,0,0,0,0,0,16036,0
ROI_0011__20190130T103251_20190130T104108_T31REP,0,0,109466,0,0,0,8574,0,0,0,92014,0,0,0,52090,0
ROI_0011__20190306T103019_20190306T103540_T31REP,1858,0,260286,0,0,0,0,0,0,0,0,0,0,0,0,0
ROI_0011__20190318T102021_20190318T102646_T31REP,0,0,72445,8,0,0,84270,0,0,0,61467,0,0,0,43954,0
ROI_0011__20190517T102031_20190517T102508_T31REP,0,0,215256,0,0,0,6828,0,0,0,33923,0,0,0,6137,0
ROI_0011__20190830T102029_20190830T102552_T31REP,0,0,97177,0,0,0,9664,0,0,0,102758,0,0,0,52545,0
ROI_0032__20190315T032531_20190315T033351_T49TFH,0,0,142157,38,0,0,0,0,0,0,109966,0,0,2,9981,0
ROI_0032__20190330T032539_20190330T033305_T49TFH,0,625,91462,44803,0,332,51852,5932,0,0,0,0,0,446,12206,54486
ROI_0032__20190713T032541_20190713T033534_T49TFH,0,15301,114090,8900,0,3809,67590,2533,0,0,0,0,0,9333,6307,34281
ROI_0032__20190817T032539_20190817T033403_T49TFH,0,0,162498,108,0,157,56378,7,0,0,0,0,0,0,38218,4778
ROI_0032__20191110T032951_20191110T033139_T49TFH,50,0,262094,0,0,0,0,0,0,0,0,0,0,0,0,0
ROI_0044__20190327T100029_20190327T101005_T32QMM,0,0,37547,0,0,0,97393,0,0,0,0,0,0,0,127204,0
ROI_0044__20190526T100039_20190526T100712_T32QMM,0,0,13007,0,0,0,172500,0,0,0,0,0,0,0,76637,0
ROI_0044__20190908T100031_20190908T100836_T32QMM,0,0,3063,0,0,0,203367,0,0,0,0,0,0,0,55714,0
ROI_0044__20200106T100401_20200106T100404_T32QMM,207,0,261937,0,0,0,0,0,0,0,0,0,0,0,0,0
ROI_0044__20200321T100029_20200321T100458_T32QMM,0,0,193944,24,0,0,27308,0,0,0,0,0,0,0,31758,9110
ROI_0064__20181217T015619_20181217T020219_T51JVH,0,0,104079,0,0,0,107593,0,0,0,0,0,0,0,50472,0
ROI_0064__20190317T015619_20190317T020354_T51JVH,0,0,82210,0,0,0,0,0,0,0,179934,0,0,0,0,0
ROI_0064__20190615T015629_20190615T020446_T51JVH,0,35,57120,105307,0,46,74506,26,0,468,20036,3465,0,0,943,192
ROI_0064__20190622T014709_20190622T015123_T51JVH,220,175302,19819,66803,0,0,0,0,0,0,0,0,0,0,0,0
ROI_0064__20191102T015619_20191102T020403_T51JVH,0,249,119796,636,0,106,90358,1305,0,0,0,0,0,775,28486,20433
ROI_0065__20190101T142749_20190101T143756_T19HCA,0,0,262144,0,0,0,0,0,0,0,0,0,0,0,0,0
ROI_0065__20190116T142751_20190116T143701_T19HCA,0,374,151667,19145,0,2679,35730,182,0,0,17520,0,0,1768,30681,2398
ROI_0065__20190404T143759_20190404T144906_T19HCA,0,47,228359,1,0,3929,17348,0,0,0,0,0,0,3007,9407,46
ROI_0065__20200129T143659_20200129T144449_T19HCA,0,133,24502,7728,0,29,173420,90,0,0,0,0,0,1813,44271,10158
ROI_0065__20200410T142731_20200410T143742_T19HCA,0,0,104988,0,0,0,95336,0,0,0,0,0,0,0,61820,0
ROI_0069__20190516T151709_20190516T152114_T18LTM,0,0,137547,0,0,0,56795,0,0,0,67802,0,0,0,0,0
ROI_0069__20190913T151709_20190913T152341_T18LTM,44437,0,15992,0,282,145,201288,0,0,0,0,0,0,0,0,0
ROI_0069__20200225T151701_20200225T152133_T18LTM,178580,0,63632,1464,208,0,8728,2069,0,0,0,0,661,0,4887,1915
ROI_0069__20200510T151659_20200510T152614_T18LTM,287,0,261857,0,0,0,0,0,0,0,0,0,0,0,0,0
ROI_0069__20200624T151711_20200624T151850_T18LTM,37516,0,71271,0,0,0,153357,0,0,0,0,0,0,0,0,0
ROI_0079__20190120T203751_20190120T203749_T08VMM,0,0,254778,0,0,0,7366,0,0,0,0,0,0,0,0,0
ROI_0079__20190624T202849_20190624T203750_T08VMM,0,0,15845,0,0,0,186648,0,0,0,4457,0,0,0,55194,0
ROI_0079__20190706T201851_20190706T202346_T08VMM,0,0,177293,0,0,0,56509,0,0,0,0,0,0,0,28342,0
ROI_0079__20200630T201851_20200630T202618_T08VMM,0,0,74498,0,0,0,112154,0,0,0,7730,0,0,0,67762,0
ROI_0079__20200725T201849_20200725T202524_T08VMM,0,0,14705,0,0,0,211932,0,0,0,0,0,0,0,35507,0
ROI_0085__20190623T182921_20190623T183717_T11TPJ,0,0,76669,0,0,0,147730,0,0,0,0,0,0,0,37745,0
ROI_0085__20190822T182921_20190822T183216_T11TPJ,0,0,125002,218,0,0,86858,507,0,0,0,0,0,0,36676,12883
ROI_0085__20190911T182921_20190911T183249_T11TPJ,0,0,62077,0,0,0,155595,0,0,0,0,0,0,0,44472,0
ROI_0085__20200602T182919_20200602T183556_T11TPJ,0,0,262144,0,0,0,0,0,0,0,0,0,0,0,0,0
ROI_0085__20200707T182921_20200707T183250_T11TPJ,0,74,181133,18680,0,57,35255,2468,0,0,0,0,0,0,16243,8234
ROI_0106__20190509T152649_20190509T152958_T18LTN,0,3,262138,3,0,0,0,0,0,0,0,0,0,0,0,0
ROI_0106__20191220T152631_20191220T153056_T18LTN,0,0,47075,29583,0,0,148236,1576,0,0,0,0,0,0,16302,19372
ROI_0106__20200304T152639_20200304T153356_T18LTN,166400,0,33366,0,10869,0,30086,0,0,0,0,0,12324,0,9077,22
ROI_0106__20200612T152639_20200612T153318_T18LTN,0,441,9384,168657,0,48,81358,2072,0,0,0,0,0,0,0,184
ROI_0106__20200617T152651_20200617T152645_T18LTN,16508,0,40561,0,0,0,205075,0,0,0,0,0,0,0,0,0
ROI_0120__20190302T045721_20190302T050545_T45TXE,0,0,262144,0,0,0,0,0,0,0,0,0,0,0,0,0
ROI_0120__20190829T045701_20190829T045729_T45TXE,0,2175,171351,0,0,0,15419,0,0,2,50266,0,0,14997,7934,0
ROI_0120__20191008T045701_20191008T050028_T45TXE,0,0,17128,0,0,9,205756,0,0,0,21791,0,0,7,17453,0
ROI_0120__20191020T044819_20191020T044922_T45TXE,0,0,106036,0,0,0,14786,0,0,0,127684,0,0,0,13638,0
ROI_0120__20191219T045209_20191219T045214_T45TXE,0,0,262144,0,0,0,0,0,0,0,0,0,0,0,0,0
ROI_0141__20181226T141039_20181226T142041_T19FDE,0,0,61843,200301,0,0,0,0,0,0,0,0,0,0,0,0
ROI_0141__20190316T141049_20190316T142437_T19FDE,0,8,192227,6332,0,0,0,0,0,257,44386,12388,0,0,6081,465
ROI_0141__20190420T141051_20190420T142048_T19FDE,0,0,55631,0,0,0,166640,0,0,0,0,0,0,0,39490,383
ROI_0141__20191126T141051_20191126T142045_T19FDE,0,0,16617,0,0,0,10915,0,0,0,195877,0,0,0,38735,0
ROI_0141__20200419T141039_20200419T142040_T19FDE,0,69,156400,5644,0,0,0,0,0,0,100031,0,0,0,0,0
ROI_0153__20190405T141049_20190405T142048_T20JPM,0,110,49268,107348,0,0,20527,672,0,22,77537,6660,0,0,0,0
ROI_0153__20190709T141051_20190709T141051_T20JPM,0,0,109674,10308,0,0,93,11307,0,0,129941,821,0,0,0,0
ROI_0153__20191201T141039_20191201T142051_T20JPM,0,0,222440,3281,0,0,14371,22052,0,0,0,0,0,0,0,0
ROI_0153__20200411T140051_20200411T140833_T20JPM,0,0,190382,71762,0,0,0,0,0,0,0,0,0,0,0,0
ROI_0153__20200628T141049_20200628T141048_T20JPM,0,0,36988,199,0,0,109061,0,0,0,115896,0,0,0,0,0
ROI_0154__20190326T141049_20190326T141445_T20HNJ,0,230,127388,32570,0,396,50243,148,0,0,0,0,0,151,49759,1259
ROI_0154__20191113T140051_20191113T140054_T20HNJ,0,0,12256,95,0,3,106070,176,0,0,102293,1011,0,7,40181,52
ROI_0154__20191231T141039_20191231T142033_T20HNJ,0,168,7338,223869,0,324,13964,5469,0,0,0,0,0,939,1825,8248
ROI_0154__20200120T140639_20200120T141746_T20HNJ,0,0,23860,66885,0,31,32449,9893,0,5,2790,73439,0,0,6459,46333
ROI_0154__20200201T135641_20200201T140849_T20HNJ,0,0,151596,110548,0,0,0,0,0,0,0,0,0,0,0,0
ROI_0159__20190718T143751_20190718T144610_T19HBV,0,0,185748,0,0,5,54570,0,0,0,0,0,0,0,21821,0
ROI_0159__20191016T143731_20191016T144649_T18HYE,0,0,24910,1820,0,75,214786,1496,0,0,0,0,0,76,18842,139
ROI_0159__20200129T143659_20200129T144449_T18HYE,9069,0,252376,699,0,0,0,0,0,0,0,0,0,0,0,0
ROI_0159__20200403T143721_20200403T144642_T19HBV,0,0,161749,663,0,0,0,0,0,0,99597,135,0,0,0,0
ROI_0159__20200607T143729_20200607T144648_T19HBV,0,0,42776,43,0,95,152549,0,0,0,0,0,0,0,66681,0
ROI_0165__20190224T145721_20190224T150622_T19LBD,46407,186,48932,13871,709,1169,72871,12072,0,0,0,0,1326,83,15347,49171
ROI_0165__20190331T145729_20190331T150118_T19LBD,0,2,65951,0,0,13,145145,0,0,0,0,0,10,0,51023,0
ROI_0165__20190917T145729_20190917T150535_T19LBD,262144,0,0,0,0,0,0,0,0,0,0,0,0,0,0,0
ROI_0165__20191022T145731_20191022T150543_T19LBD,178127,16,5742,654,4795,0,42053,351,0,0,0,0,12894,181,9061,8270
ROI_0165__20191221T145721_20191221T145719_T19LBD,0,0,58740,0,0,0,95365,0,0,0,75625,0,0,0,32414,0
ROI_0197__20190609T175919_20190609T180009_T14VPM,0,2,9436,0,0,0,231559,0,0,0,0,0,0,0,21147,0
ROI_0197__20190621T174911_20190621T175233_T14VPM,0,0,2224,123477,0,0,67903,9730,0,0,0,11392,0,0,3322,44096
ROI_0197__20190714T175921_20190714T180011_T14VPM,0,0,102601,476,0,0,127304,0,0,0,0,0,0,0,31763,0
ROI_0197__20200712T173911_20200712T174044_T14VPM,0,0,169402,92742,0,0,0,0,0,0,0,0,0,0,0,0
ROI_0197__20200720T174909_20200720T174909_T14VPM,2997,159,979,220330,31,523,16983,8729,0,0,0,0,15,90,0,11308
ROI_0201__20190902T161901_20190902T162451_T16TGL,0,0,89149,0,0,0,130900,0,0,0,0,0,0,0,42095,0
ROI_0201__20190922T162001_20190922T162717_T16TGL,0,0,687,261457,0,0,0,0,0,0,0,0,0,0,0,0
ROI_0201__20191101T162431_20191101T162426_T17TKF,0,144,25069,183807,0,94,18430,5910,0,0,0,0,0,215,6213,22262
ROI_0201__20200320T161951_20200320T162706_T16TGL,0,0,0,3063,0,22,10848,91333,0,0,6039,122713,0,0,1068,27058
ROI_0201__20200402T162851_20200402T164102_T17TKF,0,0,96736,29088,0,69,78086,571,0,0,0,0,0,13,47869,9712
ROI_0212__20190523T053651_20190523T053645_T48XVG,0,0,97424,0,0,0,53230,0,0,0,87791,0,0,0,23699,0
ROI_0212__20190812T055639_20190812T055642_T48XVG,0,0,260896,1248,0,0,0,0,0,0,0,0,0,0,0,0
ROI_0212__20190824T054641_20190824T054640_T48XVG,0,0,193094,2,0,0,37455,12,0,0,0,0,0,0,31581,0
ROI_0212__20190917T052651_20190917T052645_T48XVG,0,0,6462,0,0,0,222008,0,0,0,0,0,0,0,33674,0
ROI_0212__20190920T053641_20190920T053750_T48XVG,4,0,43022,0,8,0,109752,0,0,0,0,0,0,0,109358,0
ROI_0235__20190607T053649_20190607T053649_T44UNV,0,8978,24567,23866,0,635,149552,5413,0,0,0,0,0,126,31917,17090
ROI_0235__20200402T053639_20200402T053638_T44UNV,0,0,46770,0,0,0,943,0,0,0,210004,0,0,0,4427,0
ROI_0235__20200512T053639_20200512T054139_T44UNV,0,0,262144,0,0,0,0,0,0,0,0,0,0,0,0,0
ROI_0235__20200601T053649_20200601T053643_T44UNV,0,0,5661,0,0,7,210592,0,0,0,23562,0,0,906,20807,609
ROI_0235__20200711T053649_20200711T053643_T44UNV,0,65,198998,7252,0,6,35050,2145,0,0,12012,0,0,0,5996,620
ROI_0243__20180516T090549_20180516T091106_T35TLJ,589,40,154862,69641,0,0,22648,13,0,0,0,0,0,0,14351,0
ROI_0243__20180802T092031_20180802T092224_T35TLJ,0,0,47979,8229,0,507,113522,11573,0,42,37852,1347,0,0,34098,6995
ROI_0243__20190524T092039_20190524T092605_T35TLJ,0,0,80202,0,0,0,130051,0,0,0,3793,0,0,0,48098,0
ROI_0243__20190728T092031_20190728T092427_T35TLJ,14884,0,1629,245631,0,0,0,0,0,0,0,0,0,0,0,0
ROI_0243__20191001T092029_20191001T092623_T35TLJ,163,0,121019,53521,0,0,14983,0,0,0,63388,8018,0,0,1052,0
ROI_0245__20180213T110141_20180213T110143_T31UDR,0,20,7797,36031,0,0,20332,0,0,142,156293,41529,0,0,0,0
ROI_0245__20180526T105029_20180526T105635_T31UDR,0,0,27474,234670,0,0,0,0,0,0,0,0,0,0,0,0
ROI_0245__20180625T105029_20180625T105253_T31UDR,0,0,28331,185518,0,23,19746,9007,0,0,0,0,0,0,7557,11962
ROI_0245__20190708T105621_20190708T110438_T31UDR,0,598,24840,138401,0,574,62475,3960,0,0,0,0,0,691,5915,24690
ROI_0245__20200614T104629_20200614T104648_T31UDR,0,0,68153,8463,0,39,136979,105,0,0,0,0,0,0,48128,277
ROI_0264__20190120T080239_20190120T082812_T35HLD,252721,0,9423,0,0,0,0,0,0,0,0,0,0,0,0,0
ROI_0264__20190321T075619_20190321T081839_T35HKD,0,1,30403,0,0,0,168120,0,0,0,0,0,0,0,63620,0
ROI_0264__20190410T075619_20190410T082613_T35HKD,0,0,37700,21562,0,361,22451,1512,0,0,80781,85655,0,0,7824,4298
ROI_0264__20190719T075619_20190719T082310_T35HKD,0,0,21751,0,0,0,206829,0,0,0,0,0,0,0,33564,0
ROI_0264__20200628T075611_20200628T082104_T35HKD,0,6004,87822,32797,0,0,41875,33,0,0,0,0,0,34071,5339,54203
ROI_0268__20190129T071209_20190129T071208_T38KNV,11,0,231264,1580,0,0,49,0,0,0,27299,1941,0,0,0,0
ROI_0268__20190213T071201_20190213T071519_T38KNV,0,0,63414,80,0,0,120056,0,0,0,0,0,0,0,78523,71
ROI_0268__20190218T071209_20190218T071207_T38KNV,0,403,1487,1173,0,211,69340,43313,0,10,2625,135334,0,1,0,8247
ROI_0268__20190603T071211_20190603T071210_T38KNV,260,0,148234,0,4,0,30508,0,0,0,63949,0,0,0,19189,0
ROI_0268__20190613T071211_20190613T071210_T38KNV,666,0,243338,18140,0,0,0,0,0,0,0,0,0,0,0,0
ROI_0271__20181226T053229_20181226T053653_T43QFG,0,0,247600,14544,0,0,0,0,0,0,0,0,0,0,0,0
ROI_0271__20190214T052929_20190214T054115_T43QFG,159,0,2904,0,4199,0,108033,0,60073,0,65467,0,16035,0,5274,0
ROI_0271__20190724T052659_20190724T053718_T43QFG,0,0,30638,286,0,20,77566,21788,0,51,55780,38808,0,0,32986,4221
ROI_0271__20190922T052649_20190922T054154_T43QFG,0,155,160426,525,0,36,67996,626,0,0,0,0,0,18,32326,36
ROI_0271__20200224T052811_20200224T053954_T43QFG,121510,313,87410,26465,2233,582,12016,2546,0,0,0,0,3534,0,5357,178
ROI_0285__20190220T001631_20190220T001625_T55HBB,1,0,256718,5425,0,0,0,0,0,0,0,0,0,0,0,0
ROI_0285__20190312T002051_20190312T002050_T55HBB,0,0,222331,24137,0,0,10065,695,0,0,0,0,0,0,4916,0
ROI_0285__20190715T002109_20190715T002258_T55HBB,3426,0,119025,78979,0,0,29088,5244,0,0,0,0,0,0,12162,14220
ROI_0285__20200210T002049_20200210T002418_T55HBB,0,0,35708,0,0,0,170503,0,0,0,120,0,0,0,55813,0
ROI_0285__20200410T002049_20200410T002250_T55HBB,0,0,3063,0,0,0,241408,0,0,0,0,0,0,0,17673,0
ROI_0309__20181220T130241_20181220T130239_T24LTJ,59,0,175714,7125,4,0,49134,59,0,0,224,0,0,0,28841,984
ROI_0309__20190109T130241_20190109T130243_T24LTJ,7252,0,55278,1,852,0,169143,0,0,0,0,0,737,0,28881,0
ROI_0309__20190218T130241_20190218T130244_T24LTJ,0,9,27004,36808,0,47,63071,14596,0,0,13050,77261,0,0,16227,14071
ROI_0309__20191120T130249_20191120T130245_T24LTJ,0,0,23006,239138,0,0,0,0,0,0,0,0,0,0,0,0
ROI_0309__20200503T130251_20200503T130251_T24LTJ,0,0,138847,2,0,0,83516,0,0,0,0,0,0,0,39779,0
ROI_0331__20181222T073319_20181222T074542_T37NHJ,231307,0,30286,551,0,0,0,0,0,0,0,0,0,0,0,0
ROI_0331__20190416T072621_20190416T074442_T37PHK,0,1053,159308,608,0,808,74633,277,0,0,0,0,0,4620,18225,2612
ROI_0331__20190421T072619_20190421T073927_T37PHK,0,11629,63749,1091,0,207,140908,0,0,0,0,0,0,4406,40128,26
ROI_0331__20191008T072759_20191008T074520_T38NKP,11890,0,30855,0,1,0,154600,0,0,0,40540,0,68,0,24190,0
ROI_0331__20191117T073109_20191117T073737_T37PHK,199537,31,40965,4872,445,4393,3990,1508,0,0,0,0,525,0,0,5878
ROI_0342__20181228T084351_20181228T090053_T33KZT,0,0,4888,0,0,0,230866,0,0,0,0,0,0,0,26390,0
ROI_0342__20190201T084159_20190201T090346_T33KZT,0,0,44164,0,0,0,134397,0,0,0,0,0,0,0,80444,3139
ROI_0342__20190402T083559_20190402T085915_T34KBC,0,0,47465,0,0,0,77061,0,0,0,82306,0,0,0,55312,0
ROI_0342__20190427T083601_20190427T090252_T33KZT,0,0,262144,0,0,0,0,0,0,0,0,0,0,0,0,0
ROI_0342__20191103T084121_20191103T090537_T34KBC,0,0,226946,31970,0,180,987,0,0,0,0,0,0,0,2061,0
ROI_0343__20181221T023241_20181221T023241_T49KHR,0,0,44956,0,0,0,69665,0,0,0,49647,0,0,0,97876,0
ROI_0343__20181221T023241_20181221T023241_T50KKA,0,0,43760,0,0,0,67486,0,0,0,48036,0,0,0,102862,0
ROI_0343__20190130T023251_20190130T023246_T50KKA,0,0,127844,134300,0,0,0,0,0,0,0,0,0,0,0,0
ROI_0343__20200414T023251_20200414T023307_T50KKA,0,0,181930,1374,0,0,3206,0,0,0,0,0,0,0,68626,7008
ROI_0343__20200429T023249_20200429T023245_T49KHR,0,0,3063,0,0,70,209222,0,0,0,0,0,0,0,49789,0
ROI_0362__20190706T201851_20190706T202346_T08VNL,0,0,255437,0,0,0,5143,0,0,0,0,0,0,0,1564,0
ROI_0362__20190904T201931_20190904T202032_T08VNL,0,0,19884,0,0,0,193961,0,0,0,0,0,0,0,48299,0
ROI_0362__20190929T202229_20190929T202710_T08VNL,0,0,3063,0,0,0,8932,0,0,0,250149,0,0,0,0,0
ROI_0362__20200521T201901_20200521T202253_T08VNL,0,0,262144,0,0,0,0,0,0,0,0,0,0,0,0,0
ROI_0362__20200630T201851_20200630T202618_T08VNL,0,12350,161312,0,0,4985,67414,0,0,0,0,0,0,2308,13775,0
ROI_0374__20190505T043701_20190505T043704_T46RBU,0,0,165944,45,0,0,41534,93,0,0,0,0,0,0,50852,3676
ROI_0374__20191017T043759_20191017T044357_T46RBU,0,0,115425,0,0,7,146712,0,0,0,0,0,0,0,0,0
ROI_0374__20191226T044209_20191226T044950_T46RBV,0,210,85962,134,0,186,119218,28,0,0,0,0,0,34,56370,2
ROI_0374__20200209T043931_20200209T044913_T46RBU,0,0,262144,0,0,0,0,0,0,0,0,0,0,0,0,0
ROI_0374__20200723T043659_20200723T043734_T46RBU,0,0,6639,97,0,8,206327,1427,0,0,0,0,0,2505,30501,14640
ROI_0391__20190331T120701_20190331T120655_T33XWF,0,6088,255467,589,0,0,0,0,0,0,0,0,0,0,0,0
ROI_0391__20190618T123701_20190618T123701_T33XWF,0,0,185688,0,0,0,2068,0,0,0,71631,0,0,0,2757,0
ROI_0391__20190723T123709_20190723T123706_T33XWF,0,0,122229,0,0,0,62852,0,0,0,0,0,0,0,77063,0
ROI_0391__20200503T123701_20200503T123712_T33XWF,0,1029,7354,0,0,175540,33457,0,0,0,0,0,0,42322,2442,0
ROI_0391__20200620T115651_20200620T115648_T33XWF,0,0,19584,0,0,0,187824,0,0,0,0,0,0,0,54736,0
ROI_0400__20190328T051651_20190328T052823_T44SME,0,0,262144,0,0,0,0,0,0,0,0,0,0,0,0,0
ROI_0400__20190407T051651_20190407T051652_T44SME,0,0,168128,0,0,0,68416,0,0,0,0,0,0,0,25600,0
ROI_0400__20190502T051659_20190502T052248_T44SME,0,0,43732,0,0,0,164107,0,0,0,0,0,0,0,54305,0
ROI_0400__20190701T051659_20190701T052112_T44SME,0,0,153455,0,0,0,69497,0,0,0,0,0,0,0,39192,0
ROI_0400__20200725T051649_20200725T052448_T44SME,0,0,122006,0,0,0,53880,0,0,0,3909,0,0,0,82349,0
ROI_0405__20180705T122649_20180705T122651_T33XWG,0,65677,25491,0,0,15440,95341,0,0,0,0,0,0,48483,11712,0
ROI_0405__20180728T123659_20180728T123654_T33XWG,0,0,71598,0,0,0,116851,0,0,0,0,0,0,0,73695,0
ROI_0405__20190807T123701_20190807T123701_T33XWG,0,55810,146388,0,0,8755,38365,0,0,0,0,0,0,3759,9067,0
ROI_0405__20200617T114651_20200617T114651_T33XWG,0,0,262144,0,0,0,0,0,0,0,0,0,0,0,0,0
ROI_0405__20200724T122659_20200724T122654_T33XWG,0,0,22948,0,0,0,229008,0,0,0,10172,0,0,0,16,0
ROI_0413__20190112T144731_20190112T144727_T19LEC,0,0,29823,0,0,0,215634,0,0,0,12125,0,0,0,4562,0
ROI_0413__20190402T144731_20190402T144934_T19LEC,0,0,45899,0,0,0,198743,0,0,0,14090,0,0,0,3412,0
ROI_0413__20190731T144741_20190731T145634_T19LEC,0,0,262144,0,0,0,0,0,0,0,0,0,0,0,0,0
ROI_0413__20200327T144721_20200327T145522_T19LEC,0,0,44825,0,0,0,80712,0,0,0,131511,0,0,0,5096,0
ROI_0413__20200730T144729_20200730T145622_T19LEC,0,0,262144,0,0,0,0,0,0,0,0,0,0,0,0,0
ROI_0428__20190127T144729_20190127T144731_T19LDD,0,0,14837,0,0,0,228440,0,0,0,0,0,0,0,18867,0
ROI_0428__20190303T144731_20190303T145229_T19LDD,0,8188,22660,62346,0,354,114923,4171,0,0,0,0,0,884,32763,15855
ROI_0428__20190407T144739_20190407T145613_T19LDD,0,23797,89434,52970,0,344,58814,2120,0,0,0,0,0,577,30403,3685
ROI_0428__20190502T144741_20190502T145234_T19LDD,0,0,202320,59824,0,0,0,0,0,0,0,0,0,0,0,0
ROI_0428__20200127T144701_20200127T145626_T19LDD,0,11632,50406,86161,0,1188,71405,14270,0,0,0,0,0,1006,23478,2598
ROI_0489__20190427T015701_20190427T015656_T53TPN,0,0,262144,0,0,0,0,0,0,0,0,0,0,0,0,0
ROI_0489__20190623T014701_20190623T014656_T53TPN,0,0,3063,0,0,0,236122,0,0,0,0,0,0,0,22959,0
ROI_0489__20190906T014659_20190906T015218_T53TPN,0,0,211808,0,0,0,32513,0,0,0,0,0,0,0,17823,0
ROI_0489__20191014T015701_20191014T015655_T53TPN,0,0,208866,13924,0,0,26048,1337,0,0,0,0,0,0,4873,7096
ROI_0489__20200528T014701_20200528T014658_T53TPN,0,25,120224,49139,0,279,54765,3665,0,0,6565,4146,0,0,21194,2142
ROI_0502__20180207T104211_20180207T104212_T33VWJ,0,0,122129,0,0,0,19771,0,0,0,120244,0,0,0,0,0
ROI_0502__20180316T103021_20180316T103018_T33VWJ,0,0,262144,0,0,0,0,0,0,0,0,0,0,0,0,0
ROI_0502__20180520T103019_20180520T103020_T33VWJ,9,5,42214,207349,0,0,0,0,0,484,534,11549,0,0,0,0
ROI_0502__20180707T104021_20180707T104023_T33VWJ,0,0,94135,0,0,0,105881,0,0,0,0,0,0,0,62128,0
ROI_0502__20200427T104031_20200427T104025_T33VVJ,0,0,3063,0,0,0,229421,0,0,0,0,0,0,0,29660,0
ROI_0503__20190319T190109_20190319T191114_T10TDK,0,0,3063,0,0,0,44505,0,0,25,198569,0,0,0,15982,0
ROI_0503__20190324T190031_20190324T191219_T10TDK,0,0,125011,137133,0,0,0,0,0,0,0,0,0,0,0,0
ROI_0503__20190428T185929_20190428T190154_T10TDK,37,304,80098,181705,0,0,0,0,0,0,0,0,0,0,0,0
ROI_0503__20200318T190111_20200318T191148_T10TDK,0,7445,37027,35238,0,707,152519,8,0,56,10657,0,0,467,15626,2394
ROI_0503__20200323T185939_20200323T191124_T10TDK,0,0,3063,0,0,0,252472,0,0,0,0,0,0,0,6609,0
ROI_0535__20190429T182929_20190429T183604_T11TPN,0,0,248333,13811,0,0,0,0,0,0,0,0,0,0,0,0
ROI_0535__20190512T183929_20190512T184617_T11TPN,0,0,157213,0,0,0,0,0,0,0,104931,0,0,0,0,0
ROI_0535__20190628T182929_20190628T183312_T11TPN,0,0,91034,294,0,3178,6138,8419,0,103,141452,8596,0,769,840,1321
ROI_0535__20200307T184219_20200307T184220_T11TPN,0,0,36016,0,0,0,1353,0,0,0,224775,0,0,0,0,0
ROI_0535__20200610T183921_20200610T184818_T11TPM,0,0,106426,59172,0,0,67704,613,0,0,0,0,0,0,27147,1082
ROI_0539__20190322T163951_20190322T164744_T16SBB,0,42,623,139203,0,791,46457,868,0,3500,38733,31927,0,0,0,0
ROI_0539__20190403T162839_20190403T163509_T16SBB,50,0,0,176202,0,0,0,0,20,0,0,85872,0,0,0,0
ROI_0539__20190720T163901_20190720T165426_T16SBB,0,0,3063,0,0,0,252460,0,0,0,0,0,0,0,6621,0
ROI_0539__20191219T163709_20191219T164030_T16SBB,183,0,0,261961,0,0,0,0,0,0,0,0,0,0,0,0
ROI_0539__20200308T163019_20200308T164006_T16SBB,0,46,12754,17421,0,81,143941,27,0,409,81912,5553,0,0,0,0
ROI_0583__20190512T144741_20190512T144833_T19LDE,0,0,3063,0,0,0,251225,0,0,0,0,0,0,0,7856,0
ROI_0583__20190731T144741_20190731T145634_T19LDE,34296,0,150754,2067,861,14,37848,696,0,0,0,0,1685,50,25116,8757
ROI_0583__20190929T144731_20190929T145611_T19LDE,0,183,54472,181298,0,125,6332,1633,0,20,3030,15051,0,0,0,0
ROI_0583__20200401T144729_20200401T145602_T19LDE,0,0,31453,7,0,377,185147,480,0,0,0,0,0,22,44552,106
ROI_0583__20200526T144731_20200526T145503_T19LDE,0,0,262144,0,0,0,0,0,0,0,0,0,0,0,0,0
ROI_0591__20190308T144729_20190308T144826_T20NKJ,0,0,581,194406,0,0,0,0,0,0,0,67157,0,0,0,0
ROI_0591__20190830T144731_20190830T144732_T20NLJ,0,0,60080,148198,0,0,23305,9177,0,0,0,0,0,0,11480,9904
ROI_0591__20191118T144731_20191118T144727_T20NKJ,0,0,105,262039,0,0,0,0,0,0,0,0,0,0,0,0
ROI_0591__20200406T144721_20200406T144723_T20NLJ,0,0,0,30503,0,0,0,1849,0,0,0,229792,0,0,0,0
ROI_0591__20200710T144729_20200710T144727_T20NKJ,0,0,3063,0,0,73,155885,0,0,0,0,0,0,0,103123,0
ROI_0593__20190218T143751_20190218T143748_T20MKT,0,0,44604,0,0,0,170071,0,0,0,0,0,0,0,47469,0
ROI_0593__20190509T143751_20190509T143840_T20MKT,0,86,154709,612,0,21,67351,0,0,0,0,0,0,0,39309,56
ROI_0593__20190618T143751_20190618T143750_T20MKT,0,0,0,262144,0,0,0,0,0,0,0,0,0,0,0,0
ROI_0593__20191215T143721_20191215T143722_T20MKT,0,1698,10171,29753,0,49,76931,95282,0,28,4786,19310,0,2359,11071,10706
ROI_0593__20200612T143731_20200612T143733_T20MKT,0,18,4414,4235,0,0,102880,4548,0,0,0,0,0,0,44258,101791
ROI_0628__20190217T163341_20190217T164121_T15QXU,70421,0,161648,30075,0,0,0,0,0,0,0,0,0,0,0,0
ROI_0628__20190622T162839_20190622T164451_T15QXU,0,0,3063,0,0,0,223844,1,0,0,0,0,0,0,35236,0
ROI_0628__20191214T163701_20191214T164645_T15QXU,0,0,184854,0,0,0,39189,0,0,0,18840,0,0,0,19261,0
ROI_0628__20200427T162829_20200427T164229_T15QXU,0,0,30906,130447,0,0,33097,8354,0,0,7752,31476,0,0,5889,14223
ROI_0628__20200616T162839_20200616T164323_T15QXU,0,17,14329,26816,0,3441,177041,18343,0,0,0,0,0,1460,8072,12625
ROI_0634__20190407T165851_20190407T171414_T14QLE,0,0,0,262144,0,0,0,0,0,0,0,0,0,0,0,0
ROI_0634__20190507T165901_20190507T171141_T14QLE,0,364,218,16267,0,0,0,0,0,1354,1218,242723,0,0,0,0
ROI_0634__20190621T165859_20190621T171322_T14QLE,0,0,15600,1251,0,403,20064,0,0,0,224278,548,0,0,0,0
ROI_0634__20190721T165859_20190721T171631_T14QLE,0,102,2961,0,0,3,136446,0,0,1798,107244,0,0,122,13468,0
ROI_0634__20200201T170521_20200201T171604_T14QLE,210,0,3022,148557,0,0,0,0,581,0,0,109774,0,0,0,0
ROI_0679__20181215T183751_20181215T183748_T11TNJ,0,0,8955,0,0,101,98717,0,0,422,148199,10,0,87,5592,61
ROI_0679__20190201T184609_20190201T184610_T11TNJ,0,0,5003,0,0,85,106070,0,0,29,144853,0,0,0,6104,0
ROI_0679__20190527T183921_20190527T184435_T11TNJ,0,0,262144,0,0,0,0,0,0,0,0,0,0,0,0,0
ROI_0679__20191120T183651_20191120T184011_T11TNJ,0,0,254767,0,0,0,0,0,0,0,7377,0,0,0,0,0
ROI_0679__20200322T184031_20200322T184859_T11TNJ,0,0,78268,0,0,0,0,0,0,0,183876,0,0,0,0,0
ROI_0687__20190430T052651_20190430T052819_T43QCA,0,0,189668,0,0,0,4,0,0,0,72472,0,0,0,0,0
ROI_0687__20191017T052821_20191017T053726_T43QCA,0,0,115093,11140,0,0,89518,359,0,0,0,0,0,0,40095,5939
ROI_0687__20191101T052949_20191101T054200_T43QCA,0,0,3063,0,0,0,259081,0,0,0,0,0,0,0,0,0
ROI_0687__20200514T052651_20200514T053617_T43QCA,0,0,262144,0,0,0,0,0,0,0,0,0,0,0,0,0
ROI_0687__20200713T052651_20200713T053533_T43QCA,0,0,3063,0,0,0,229587,0,0,0,22728,0,0,0,6766,0
ROI_0702__20190119T143751_20190119T144606_T19KEB,0,283,2594,103353,0,2092,101007,3472,0,84,21318,3214,0,5194,7911,11622
ROI_0702__20190124T143749_20190124T144523_T19KEB,0,387,6682,121071,0,31,97196,0,0,0,0,0,0,0,25398,11379
ROI_0702__20190407T144739_20190407T145613_T19KEB,0,0,262144,0,0,0,0,0,0,0,0,0,0,0,0,0
ROI_0702__20190916T143751_20190916T144705_T19KEB,0,0,204792,381,0,0,37164,115,0,0,0,0,0,8,13232,6452
ROI_0702__20191110T143729_20191110T144457_T19KEB,0,55,52552,0,0,0,154910,0,0,0,36596,0,0,0,18031,0
ROI_0709__20190122T084249_20190122T084621_T36UXU,0,0,262144,0,0,0,0,0,0,0,0,0,0,0,0,0
ROI_0709__20190407T083601_20190407T083648_T36UXU,0,26,32932,1164,0,204,26275,3790,0,5,184152,1064,0,0,12532,0
ROI_0709__20190412T083609_20190412T084433_T36UXU,0,0,14931,0,0,0,29464,0,0,0,188926,0,0,0,28823,0
ROI_0709__20190709T084601_20190709T085041_T36UXU,0,484,67346,71776,0,1217,82106,354,0,0,0,0,0,1130,10737,26994
ROI_0709__20200715T083559_20200715T083706_T36UXU,0,1689,57856,63074,0,145,118920,3094,0,0,0,0,0,616,13814,2936
ROI_0724__20181210T110431_20181210T110434_T31UDQ,0,33,64480,18453,0,0,135283,9230,0,46,3040,0,0,1,21556,10022
ROI_0724__20190608T105621_20190608T110433_T31UDQ,0,241,164479,2995,0,291,65306,501,0,0,0,0,0,2625,18634,7072
ROI_0724__20190918T105029_20190918T105246_T31UDQ,0,0,232219,0,0,0,0,0,0,0,29925,0,0,0,0,0
ROI_0724__20191006T105941_20191006T110430_T31UDQ,0,0,4874,1,0,0,78674,107191,0,0,7874,5964,0,0,19886,37680
ROI_0724__20191217T105349_20191217T105345_T31UDQ,0,0,262144,0,0,0,0,0,0,0,0,0,0,0,0,0
ROI_0736__20190322T151701_20190322T152502_T18LTM,0,0,262144,0,0,0,0,0,0,0,0,0,0,0,0,0
ROI_0736__20191003T151709_20191003T152153_T18LTM,0,0,3063,0,0,0,253909,0,0,0,0,0,0,0,5172,0
ROI_0736__20200111T151659_20200111T151911_T18LTM,0,0,36493,9705,0,0,197753,0,0,0,3841,0,0,0,13982,370
ROI_0736__20200510T151659_20200510T152614_T18LTM,0,186,192480,16570,0,1412,23248,6383,0,0,0,0,0,523,14084,7258
ROI_0736__20200530T151709_20200530T151705_T18LTM,0,414,34784,129167,0,397,72808,1336,0,0,0,0,0,168,17525,5545
ROI_0747__20191202T151659_20191202T151911_T18LTM,0,19,182644,1323,0,0,15095,0,0,0,43218,1075,0,0,18770,0
ROI_0747__20200225T151701_20200225T152133_T18LTM,0,21,100080,134960,0,118,16702,1237,0,0,0,0,0,73,8378,575
ROI_0747__20200228T152631_20200228T152735_T18LTM,0,0,38114,0,0,224,147085,208,0,0,13767,0,0,0,62735,11
ROI_0747__20200304T152639_20200304T153356_T18LTM,0,0,262144,0,0,0,0,0,0,0,0,0,0,0,0,0
ROI_0747__20200316T151701_20200316T151812_T18LTM,0,0,3063,0,0,0,60608,18,0,0,170409,0,0,0,28046,0
ROI_0754__20190704T025551_20190704T031529_T48MXU,0,0,106375,5,0,0,97094,0,0,0,0,0,0,0,58670,0
ROI_0754__20190818T025549_20190818T031522_T48MXU,0,0,262144,0,0,0,0,0,0,0,0,0,0,0,0,0
ROI_0754__20191211T030121_20191211T030708_T48MXU,15967,0,159253,5002,1590,0,45346,4118,0,0,0,0,150,0,24130,6588
ROI_0754__20200414T025539_20200414T031737_T48MXU,0,0,25344,0,0,0,204710,0,0,0,0,0,0,0,32090,0
ROI_0754__20200524T025549_20200524T031633_T48MXU,0,0,224822,0,0,0,21822,0,0,0,0,0,0,0,15418,82
ROI_0792__20190313T074711_20190313T080640_T35JPM,0,0,129733,0,0,0,68758,0,0,0,0,0,0,0,63653,0
ROI_0792__20190606T074619_20190606T081648_T35JPM,0,0,100650,13840,0,0,0,268,0,0,144088,3298,0,0,0,0
ROI_0792__20190830T074611_20190830T080820_T35JPM,0,0,228748,33396,0,0,0,0,0,0,0,0,0,0,0,0
ROI_0792__20200107T075311_20200107T081135_T35JPM,0,1004,49659,156795,0,6114,18034,4061,0,0,0,0,0,4485,6686,15306
ROI_0792__20200307T074751_20200307T081122_T35JPM,0,68,139485,8065,0,190,56045,8096,0,0,0,0,0,1,46125,4069
ROI_0836__20190107T075319_20190107T080915_T35JNM,0,17,99171,0,0,0,129675,0,0,0,0,0,0,0,33281,0
ROI_0836__20190313T074711_20190313T080640_T35JNM,0,2237,190643,49558,0,681,11285,10,0,0,0,0,0,3814,2021,1895
ROI_0836__20190904T074619_20190904T081209_T35JNM,0,0,225588,0,0,0,0,0,0,0,36556,0,0,0,0,0
ROI_0836__20200206T075111_20200206T081031_T35JPM,0,0,69201,0,0,0,119833,0,0,0,17277,0,0,0,55833,0
ROI_0836__20200605T074621_20200605T080829_T35JNM,10726,0,251418,0,0,0,0,0,0,0,0,0,0,0,0,0
ROI_0846__20190210T031851_20190210T032505_T49TFF,0,0,222245,39899,0,0,0,0,0,0,0,0,0,0,0,0
ROI_0846__20190610T031541_20190610T032154_T49TFF,91135,0,141854,1989,0,0,14301,32,0,0,0,0,0,0,9027,3806
ROI_0846__20190630T031541_20190630T032156_T49TFF,943,14727,61162,88937,0,718,57393,1454,0,0,0,0,0,10253,14879,11678
ROI_0846__20200321T031539_20200321T031617_T49TFF,0,5489,29023,71930,0,2440,131338,1154,0,0,0,0,0,6104,12695,1971
ROI_0846__20200719T031539_20200719T032500_T49TFF,55136,0,207008,0,0,0,0,0,0,0,0,0,0,0,0,0
ROI_0868__20190113T072241_20190113T072649_T39TWF,19,0,180133,30,28,2,64321,0,0,0,0,0,0,0,17611,0
ROI_0868__20190829T072619_20190829T073328_T39TWF,0,0,24853,27630,0,2,101313,42911,0,0,0,0,0,0,38081,27354
ROI_0868__20200417T071621_20200417T072348_T39TWF,0,0,0,262144,0,0,0,0,0,0,0,0,0,0,0,0
ROI_0868__20200706T071621_20200706T072026_T39TWF,0,0,3063,0,0,569,235074,0,0,0,0,0,0,440,22998,0
ROI_0868__20200709T072621_20200709T073339_T39TWF,0,0,142949,0,0,0,50179,0,0,0,0,0,0,0,69016,0
ROI_0870__20190617T142049_20190617T143032_T18FXL,0,0,262144,0,0,0,0,0,0,0,0,0,0,0,0,0
ROI_0870__20191124T141729_20191124T142742_T18FXL,0,36,139631,0,0,12,89010,0,0,0,0,0,0,15,33440,0
ROI_0870__20191214T141729_20191214T142749_T18FXL,0,0,62225,0,0,0,165977,0,0,0,0,0,0,0,33942,0
ROI_0870__20200311T142731_20200311T143845_T18FXL,0,0,201985,1449,0,338,34401,149,0,0,0,0,0,11,6061,17750
ROI_0870__20200614T142739_20200614T143609_T18FXL,0,0,9720,22985,0,0,74078,1749,0,0,84495,16110,0,0,32352,20655
ROI_0873__20190316T162021_20190316T163656_T16PBC,0,65,128426,0,0,0,89710,0,0,0,0,0,0,0,43943,0
ROI_0873__20190405T161901_20190405T162954_T16PBC,49189,13,4107,183721,556,3,15040,211,0,0,0,0,4328,83,3237,1656
ROI_0873__20190530T161839_20190530T162652_T16PBC,9977,44,4300,0,0,163,127549,0,7411,391,102339,0,0,258,9712,0
ROI_0873__20190714T161911_20190714T163415_T16PBC,80299,0,181845,0,0,0,0,0,0,0,0,0,0,0,0,0
ROI_0873__20200130T162521_20200130T163545_T16PBC,0,0,28198,0,0,237,218724,0,0,0,0,0,0,20,14965,0
ROI_0877__20190505T084609_20190505T090416_T33MZT,0,0,16223,0,0,30,245891,0,0,0,0,0,0,0,0,0
ROI_0877__20190609T084601_20190609T090631_T33MZT,0,0,0,262144,0,0,0,0,0,0,0,0,0,0,0,0
ROI_0877__20190808T084601_20190808T090719_T33MZT,0,0,3673,0,0,0,225925,3557,0,0,0,0,0,0,18309,10680
ROI_0877__20190922T084639_20190922T090622_T33MZT,0,0,39396,12,0,18,44492,2707,0,96,159499,15924,0,0,0,0
ROI_0877__20200120T085159_20200120T090942_T33MZT,0,243,162946,116,0,2,96286,0,0,0,2551,0,0,0,0,0
ROI_0902__20190308T144729_20190308T144826_T19KEB,768,0,24169,233802,0,0,1132,675,0,0,0,0,0,0,6,1592
ROI_0902__20190502T144741_20190502T145234_T19KEB,0,0,80157,10357,0,0,0,0,0,0,136990,34640,0,0,0,0
ROI_0902__20190507T144739_20190507T145618_T19KEB,0,0,142785,2534,0,0,0,0,0,0,114059,2766,0,0,0,0
ROI_0902__20190706T144739_20190706T145618_T19KEB,0,97,56686,12999,0,0,174947,0,0,0,0,0,0,0,17415,0
ROI_0902__20200630T144729_20200630T145607_T19KEB,0,0,262144,0,0,0,0,0,0,0,0,0,0,0,0,0
ROI_0906__20181217T164709_20181217T164715_T16TEM,0,0,33922,0,0,0,182171,0,0,0,0,0,0,0,46051,0
ROI_0906__20190131T164521_20190131T164523_T16TEM,0,0,3063,0,0,0,212095,0,0,0,0,0,0,0,46986,0
ROI_0906__20190717T162901_20190717T163927_T16TEM,0,0,0,262144,0,0,0,0,0,0,0,0,0,0,0,0
ROI_0906__20190730T163901_20190730T164152_T16TEM,0,35,206165,42,0,3,31574,28,0,0,0,0,0,0,24297,0
ROI_0906__20191102T164439_20191102T164519_T16TEM,0,9,83054,152,0,0,120060,0,0,0,0,0,0,18,58507,344
ROI_0908__20190426T151709_20190426T151711_T19PBN,0,0,9972,81747,0,0,71652,49124,0,0,0,0,0,0,20431,29218
ROI_0908__20190531T151711_20190531T151804_T18PZT,0,0,19412,25029,0,0,155735,3637,0,0,81,1194,0,0,48970,8086
ROI_0908__20200126T151701_20200126T151657_T19PBN,0,113,205488,20908,0,25,19161,509,0,0,0,0,0,0,15793,147
ROI_0908__20200609T151709_20200609T151945_T18PZT,0,0,136,262008,0,0,0,0,0,0,0,0,0,0,0,0
ROI_0908__20200619T151709_20200619T151919_T19PBN,0,2076,100450,27448,0,34,98012,226,0,0,0,0,0,376,33410,112
ROI_0913__20190410T084601_20190410T090655_T33MZU,0,76,64006,49,0,191,118396,568,0,309,74893,3656,0,0,0,0
ROI_0913__20190808T084601_20190808T090719_T33MZU,0,0,16014,0,0,0,50016,4979,48,5,181103,9979,0,0,0,0
ROI_0913__20191007T084831_20191007T090219_T33MZU,0,0,3063,0,0,0,202074,48,0,0,0,0,0,0,56959,0
ROI_0913__20200429T084559_20200429T085926_T33MZU,0,0,0,262144,0,0,0,0,0,0,0,0,0,0,0,0
ROI_0913__20200628T084559_20200628T085951_T33MZU,0,735,128083,0,0,282,133044,0,0,0,0,0,0,0,0,0
ROI_0922__20190430T184921_20190430T185638_T12VVL,0,0,193238,0,0,0,17475,0,0,0,36758,0,0,0,14673,0
ROI_0922__20190517T183921_20190517T184620_T12VVL,0,0,0,262144,0,0,0,0,0,0,0,0,0,0,0,0
ROI_0922__20190606T183921_20190606T184137_T12VVL,0,0,20624,0,0,0,205746,0,0,0,0,0,0,0,35774,0
ROI_0922__20190626T183921_20190626T184541_T12VVL,0,0,94148,632,0,0,156648,0,0,0,0,0,0,0,10716,0
ROI_0922__20190704T184929_20190704T185009_T12VVL,5740,0,182053,0,0,0,43743,0,0,0,0,0,0,0,30608,0
ROI_0930__20180601T102021_20180601T102024_T33VVF,0,0,113904,148240,0,0,0,0,0,0,0,0,0,0,0,0
ROI_0930__20190614T103029_20190614T103029_T33VVF,0,1,49389,0,0,580,175167,43,0,0,0,0,0,0,36964,0
ROI_0930__20190922T103019_20190922T103021_T33VVF,16569,0,18263,197048,0,7,12130,8822,0,0,0,0,0,0,465,8840
ROI_0930__20200630T102031_20200630T102422_T33VVF,12919,28,5578,120814,0,0,71171,7538,0,0,0,0,112,0,10699,33285
ROI_0930__20200713T103031_20200713T103026_T33VVF,0,0,24212,0,0,0,151139,0,0,0,86793,0,0,0,0,0
ROI_0936__20190329T080611_20190329T082339_T35LPK,0,1104,54316,145,0,220,174171,0,0,0,0,0,0,336,31337,515
ROI_0936__20191015T080911_20191015T083220_T35LPK,0,0,29583,0,0,0,232561,0,0,0,0,0,0,0,0,0
ROI_0936__20191030T081009_20191030T082935_T35LPK,0,37820,25609,151215,0,146,28876,8,0,0,0,0,0,865,16795,810
ROI_0936__20200407T080609_20200407T082847_T35LPK,0,35,3028,0,0,341,220779,293,0,0,0,0,0,1009,33708,2951
ROI_0936__20200606T080609_20200606T083047_T35LPK,0,0,0,262144,0,0,0,0,0,0,0,0,0,0,0,0
ROI_0944__20190402T144731_20190402T144934_T19LDC,0,9388,2992,0,0,171,151482,10,4679,43611,48095,1716,0,0,0,0
ROI_0944__20190412T144731_20190412T145504_T19LDC,0,9,10029,168229,0,0,48332,874,0,0,0,0,0,0,26026,8645
ROI_0944__20190810T144741_20190810T144851_T19LDC,0,212,41091,177261,0,105,24642,592,0,0,0,0,0,0,14940,3301
ROI_0944__20200605T144731_20200605T145459_T19LDC,0,0,3063,0,0,0,179723,0,0,0,52589,0,0,0,26769,0
ROI_0944__20200610T144729_20200610T145607_T19LDC,0,0,20841,241303,0,0,0,0,0,0,0,0,0,0,0,0
ROI_0949__20190310T160051_20190310T161852_T16PFT,0,1,217279,25770,0,59,5803,6571,0,0,0,0,0,1,381,6279
ROI_0949__20190906T155901_20190906T161914_T16PFT,0,0,76404,0,0,155,137398,3,0,0,0,0,0,0,48184,0
ROI_0949__20191016T160241_20191016T161055_T16PFT,0,83,167450,33,0,16,54565,0,0,0,0,0,0,166,39831,0
ROI_0949__20200304T160131_20200304T161939_T16PFT,0,0,219,261925,0,0,0,0,0,0,0,0,0,0,0,0
ROI_0949__20200702T155911_20200702T161714_T16PFT,0,0,58496,0,0,0,176231,0,0,0,0,0,0,0,27417,0
ROI_0963__20190720T163901_20190720T163909_T17ULA,0,1,11368,0,0,6,218010,0,0,0,0,0,0,0,32759,0
ROI_0963__20191028T164411_20191028T164410_T17ULA,0,0,79764,537,0,0,95732,360,0,0,0,0,0,0,85751,0
ROI_0963__20200503T164839_20200503T165142_T17ULA,0,0,33593,0,0,0,179907,0,0,0,0,0,0,0,48644,0
ROI_0963__20200609T163839_20200609T164248_T17ULA,0,0,189768,17625,0,0,50267,2569,0,0,0,0,0,0,1915,0
ROI_0963__20200624T163901_20200624T164200_T17ULA,0,0,262144,0,0,0,0,0,0,0,0,0,0,0,0,0
ROI_0986__20190602T162839_20190602T163008_T17UMU,0,0,87058,0,0,0,133682,0,0,0,0,0,0,0,41404,0
ROI_0986__20190814T163849_20190814T164716_T17UMU,0,0,170602,0,0,0,51377,0,0,0,0,0,0,0,40165,0
ROI_0986__20190826T162901_20190826T163500_T17UMU,0,0,262144,0,0,0,0,0,0,0,0,0,0,0,0,0
ROI_0986__20190905T162901_20190905T163208_T17UMU,0,0,3063,0,0,0,242830,0,0,0,0,0,0,0,16251,0
ROI_0986__20191023T164339_20191023T164338_T17UMU,0,225,27815,22209,0,787,162775,4337,0,0,0,0,0,65,28551,15380
ROI_0994__20190515T084609_20190515T085208_T37VFG,0,0,66567,195577,0,0,0,0,0,0,0,0,0,0,0,0
ROI_0994__20190527T083601_20190527T083603_T37VFG,0,0,4755,0,0,0,212520,0,0,0,0,0,0,0,44869,0
ROI_0994__20190701T083609_20190701T083608_T37VFG,0,0,90495,0,0,0,115437,0,0,0,17370,0,0,0,38842,0
ROI_0994__20190714T084609_20190714T085208_T37VFG,0,0,54847,182,0,0,159392,0,0,0,0,0,0,177,47511,35
ROI_0994__20190726T083611_20190726T083840_T37VFG,24,0,221744,2202,0,0,23453,1,0,0,0,0,0,0,9376,5344
ROI_0995__20190818T084601_20190818T085006_T38VLQ,0,0,190659,0,0,0,37871,0,0,0,0,0,0,0,33614,0
ROI_0995__20190911T082601_20190911T083052_T38VLQ,470,0,261674,0,0,0,0,0,0,0,0,0,0,0,0,0
ROI_0995__20191029T084009_20191029T084012_T38VLQ,0,0,11414,0,0,0,241067,0,0,0,0,0,0,0,9663,0
ROI_0995__20200330T084559_20200330T084556_T38VMQ,0,0,57733,0,0,0,154620,0,0,0,0,0,0,1,49790,0
ROI_0995__20200509T084559_20200509T085153_T38VLQ,16276,841,14433,1562,3008,22,153642,261,0,0,0,0,5536,4616,59429,2518
ROI_0997__20190905T080611_20190905T080606_T40WFB,83,0,130609,92128,10,0,13303,763,2,0,21729,3517,0,0,0,0
ROI_0997__20200616T080609_20200616T080609_T40WFB,0,0,3966,0,0,0,212052,0,0,0,0,0,0,9,46117,0
ROI_0997__20200621T080611_20200621T080612_T40WFB,0,19,52162,26249,0,40,110596,1367,0,0,0,0,0,0,65247,6464
ROI_0997__20200703T075609_20200703T075951_T40WFB,0,0,31148,18577,0,0,145978,10228,0,0,0,0,0,0,14597,41616
ROI_0997__20200725T074621_20200725T074617_T40WFB,4482,3643,251288,2731,0,0,0,0,0,0,0,0,0,0,0,0
ROI_1000__20190403T080609_20190403T080837_T40WFB,0,0,89936,0,0,0,49756,0,0,0,0,0,0,0,122452,0
ROI_1000__20190708T073621_20190708T073617_T41WMS,30,0,157631,0,32,0,62999,0,0,0,0,0,0,0,41452,0
ROI_1000__20190801T080619_20190801T081001_T41WMS,1581,9976,250587,0,0,0,0,0,0,0,0,0,0,0,0,0
ROI_1000__20200608T075621_20200608T075651_T40WFB,0,0,3063,0,0,0,233727,0,0,0,0,0,0,0,25354,0
ROI_1000__20200616T080609_20200616T080609_T40WFB,0,0,60847,0,0,0,140755,0,0,0,0,0,0,0,60542,0
ROI_10279__20190104T033131_20190104T033127_T47NPB,0,0,238495,26,0,0,1376,0,0,0,20622,0,0,0,1625,0
ROI_10279__20190807T032549_20190807T034614_T47NPB,0,1,67833,0,0,0,137690,0,0,0,0,0,0,0,56620,0
ROI_10279__20190817T032539_20190817T034637_T47NPB,0,0,203627,0,0,0,0,0,0,0,58517,0,0,0,0,0
ROI_10279__20200309T032551_20200309T034649_T47NPB,0,38,12639,71237,0,0,38110,0,0,0,65266,74854,0,0,0,0
ROI_10279__20200329T032531_20200329T033022_T47NPB,0,13,19932,182,0,0,72379,198,0,80,161472,110,0,0,7778,0
ROI_1048__20190119T074231_20190119T080045_T36JTS,515,41,12635,228474,0,312,13027,799,0,0,0,0,0,79,4425,1837
ROI_1048__20190315T073659_20190315T080639_T35JRM,0,6,102701,29571,0,0,79085,3533,0,0,0,0,0,0,41771,5477
ROI_1048__20190509T073621_20190509T080631_T35JRM,1768,0,259969,407,0,0,0,0,0,0,0,0,0,0,0,0
ROI_1048__20200104T074311_20200104T080039_T35JRM,234,0,47264,2,600,45,139241,14,0,0,0,0,419,0,74325,0
ROI_1048__20200304T073801_20200304T080109_T36JTS,0,27,46267,157407,0,0,29178,5983,0,0,0,0,0,0,7212,16070
ROI_10560__20180301T103019_20180301T103013_T33VVJ,0,0,262144,0,0,0,0,0,0,0,0,0,0,0,0,0
ROI_10560__20180425T103021_20180425T103024_T33VVJ,0,0,81721,0,0,0,95141,0,0,0,65248,0,0,0,20034,0
ROI_10560__20180724T103021_20180724T103023_T33VVJ,0,0,43862,19770,0,1,16276,751,0,0,50384,131100,0,0,0,0
ROI_10560__20181010T104019_20181010T104018_T33VVJ,0,0,153668,280,0,0,0,0,0,0,107693,503,0,0,0,0
ROI_10560__20200601T103629_20200601T103625_T33VVJ,0,319,241769,5033,0,3210,4128,41,0,94,525,123,0,0,1471,5431
ROI_1057__20190305T160229_20190305T160228_T18UVB,0,0,214581,0,0,0,14552,0,0,0,0,0,0,0,33011,0
ROI_1057__20190621T160911_20190621T161509_T18UVB,0,0,52338,0,0,0,190892,0,0,0,0,0,0,0,18914,0
ROI_1057__20190703T155829_20190703T160727_T18UVB,0,0,201089,0,0,0,0,0,0,0,61055,0,0,0,0,0
ROI_1057__20190921T155939_20190921T160251_T18UVB,0,0,262144,0,0,0,0,0,0,0,0,0,0,0,0,0
ROI_1057__20200705T160911_20200705T161840_T18UVB,0,0,124136,0,0,0,80598,0,0,0,0,0,0,0,57410,0
ROI_1071__20190209T085121_20190209T090412_T34NCL,0,0,9091,253053,0,0,0,0,0,0,0,0,0,0,0,0
ROI_1071__20190329T085739_20190329T091105_T34NCL,760,16,223968,6,0,6,35900,0,0,0,1488,0,0,0,0,0
ROI_1071__20190902T084559_20190902T090541_T34NCL,0,0,102497,60017,0,5,64980,1179,0,0,0,0,0,0,31397,2069
ROI_1071__20200422T085549_20200422T091822_T34NCL,0,50,173510,3382,0,121,55622,0,0,0,0,0,0,49,29117,293
ROI_1071__20200618T084559_20200618T090240_T34NCL,0,5,86288,90,0,336,57889,104,0,0,102171,18,0,0,15243,0
ROI_1077__20190922T013321_20190922T014010_T52LGM,0,0,23955,0,0,0,186580,0,0,0,0,0,0,0,51609,0
ROI_1077__20191012T013321_20191012T014010_T52LGM,11190,148,162494,36258,0,79,10601,4707,380,0,4677,13815,0,0,16555,1240
ROI_1077__20191211T013711_20191211T013709_T52LGM,0,47,122310,84162,0,20,31960,662,0,0,0,0,0,779,19623,2581
ROI_1077__20200424T013709_20200424T014000_T52LGM,0,0,159449,13,0,0,0,0,0,0,88296,14386,0,0,0,0
ROI_1077__20200718T013721_20200718T013717_T52LGM,16193,0,244713,1238,0,0,0,0,0,0,0,0,0,0,0,0
ROI_10783__20190122T015959_20190122T020002_T53TPM,0,0,262144,0,0,0,0,0,0,0,0,0,0,0,0,0
ROI_10783__20190608T014659_20190608T015224_T53TPM,0,0,80970,0,0,8,132597,0,0,0,13471,0,0,0,35098,0
ROI_10783__20190616T015701_20190616T015656_T53TPM,19667,18,77296,75027,0,426,27047,942,0,217,48264,11951,0,0,212,1077
ROI_10783__20190623T014701_20190623T014656_T53TPM,0,1,95974,50,0,0,144334,0,0,0,2205,0,0,0,19580,0
ROI_10783__20190827T014659_20190827T014656_T53TPM,244464,0,67,0,7912,0,552,0,1789,0,0,0,7360,0,0,0
ROI_1079__20190507T021351_20190507T021348_T51NWJ,12799,84312,98741,32301,145,8649,14852,932,0,0,0,0,81,4531,4734,67
ROI_1079__20191111T022329_20191111T022408_T51NWJ,16645,313,82976,3376,0,217,104981,9,0,206,13835,0,165,328,31807,7286
ROI_1079__20191121T022329_20191121T022453_T51NWJ,13958,0,248186,0,0,0,0,0,0,0,0,0,0,0,0,0
ROI_1079__20200120T022319_20200120T022500_T51NWJ,0,0,16283,74290,0,0,144395,5176,0,0,0,0,0,0,619,21381
ROI_1079__20200723T022331_20200723T022331_T51NWJ,0,0,78114,0,0,0,0,0,0,0,184030,0,0,0,0,0
ROI_1086__20190717T044711_20190717T044705_T50WME,0,95,36847,5879,0,0,177392,39,0,0,41394,498,0,0,0,0
ROI_1086__20200625T042711_20200625T042709_T50WME,1381,0,70775,18141,0,0,135634,519,0,0,0,0,0,0,21818,13876
ROI_1086__20200628T043711_20200628T043706_T49WFV,0,0,171781,0,0,0,0,0,0,0,90363,0,0,0,0,0
ROI_1086__20200707T041549_20200707T041551_T49WFV,6122,14674,39704,18219,229,3497,128423,1031,0,0,0,0,4,8352,39046,2843
ROI_1086__20200710T042709_20200710T042705_T50WME,0,0,180411,81733,0,0,0,0,0,0,0,0,0,0,0,0
ROI_10961__20190122T043101_20190122T043322_T47ULQ,0,0,258907,3237,0,0,0,0,0,0,0,0,0,0,0,0
ROI_10961__20190407T042709_20190407T042906_T47ULQ,0,0,4820,0,0,0,222801,0,0,0,2085,0,0,0,32438,0
ROI_10961__20190522T042711_20190522T042707_T47ULQ,70024,311,159491,2364,0,989,2196,3500,33,68,54,0,0,753,6039,16322
ROI_10961__20190525T043701_20190525T044442_T47ULQ,0,0,80871,0,0,0,129099,20,0,0,3193,0,0,0,48410,551
ROI_10961__20200730T042709_20200730T043035_T47ULQ,0,0,70389,0,0,0,67651,0,0,0,99588,0,0,0,24516,0
ROI_1096__20190505T011701_20190505T011656_T54TXN,0,0,262144,0,0,0,0,0,0,0,0,0,0,0,0,0
ROI_1096__20190614T011701_20190614T011656_T54TXN,249735,290,1789,0,4774,405,4626,15,0,0,0,0,484,0,20,6
ROI_1096__20190801T012709_20190801T012703_T54TXN,0,0,3063,0,0,0,234073,0,0,0,0,0,0,0,25008,0
ROI_1096__20190813T011701_20190813T011656_T54TXN,748,37,154291,0,0,17,86262,0,0,0,0,0,0,0,20789,0
ROI_1096__20190910T012659_20190910T012656_T54TXN,50,0,42604,0,0,0,150361,0,0,0,0,0,0,40,69089,0
ROI_11023__20190301T013709_20190301T014011_T52LGL,0,142,163632,0,0,9,59256,0,0,0,6031,0,0,5,33069,0
ROI_11023__20190629T013719_20190629T014021_T52LGL,0,0,262144,0,0,0,0,0,0,0,0,0,0,0,0,0
ROI_11023__20191012T013321_20191012T014010_T52LGL,192,3782,85304,139720,0,535,12279,2897,0,300,1426,33,0,11830,1649,2197
ROI_11023__20200409T013711_20200409T013710_T52LGL,3558,0,40560,0,3,0,147482,0,158,0,63313,0,665,0,6368,37
ROI_11023__20200608T013721_20200608T013719_T52LGL,3,8,57187,58773,0,122,68464,1500,0,0,47055,2460,0,0,6777,19795
ROI_11037__20190107T012719_20190107T012714_T52LHL,77717,0,184427,0,0,0,0,0,0,0,0,0,0,0,0,0
ROI_11037__20190206T012719_20190206T012716_T52LHL,0,14,51078,0,0,6,86131,0,0,83,94366,0,0,11,30455,0
ROI_11037__20191024T012719_20191024T012717_T52LHL,686,0,216576,36,37,146,26482,17,0,0,0,0,14,3617,13396,1137
ROI_11037__20191203T012709_20191203T012710_T52LHL,0,0,75248,3545,0,1,12960,557,0,0,135634,20387,0,69,10762,2981
ROI_11037__20200401T012719_20200401T013031_T52LHL,31,0,155197,0,159,25,71633,0,0,0,0,0,0,0,35099,0
ROI_11121__20190407T051651_20190407T051652_T44SME,0,8346,90714,0,0,1982,104886,0,0,999,44751,0,0,3319,7147,0
ROI_11121__20190507T051651_20190507T051654_T44SME,0,0,39131,0,0,0,172319,0,0,0,50694,0,0,0,0,0
ROI_11121__20190522T051659_20190522T052814_T44SME,0,0,160422,0,0,0,24500,0,0,0,54429,0,0,0,22793,0
ROI_11121__20200521T051701_20200521T052402_T44SME,0,0,262144,0,0,0,0,0,0,0,0,0,0,0,0,0
ROI_11121__20200725T051649_20200725T052448_T44SME,62,0,237774,0,0,0,18160,0,0,0,0,0,36,0,6112,0
ROI_11144__20181226T053229_20181226T053230_T45UVU,0,0,262144,0,0,0,0,0,0,0,0,0,0,0,0,0
ROI_11144__20190904T051651_20190904T051650_T45UVU,49668,0,207568,3836,0,0,701,0,0,0,0,0,0,0,371,0
ROI_11144__20190917T052651_20190917T052645_T45UVU,0,0,71168,133435,0,0,0,0,0,5946,46654,4941,0,0,0,0
ROI_11144__20200713T052651_20200713T052650_T45UVU,0,0,36732,903,0,0,126398,2,0,0,57564,5217,0,0,35182,146
ROI_11144__20200725T051649_20200725T051652_T45UVU,6331,1279,6903,37070,0,2263,74342,2662,169,4284,45185,27117,241,2826,16553,34919
ROI_11216__20181222T073319_20181222T074542_T37NHJ,130771,0,131373,0,0,0,0,0,0,0,0,0,0,0,0,0
ROI_11216__20190220T072939_20190220T074111_T37NHJ,110923,15,126882,349,4448,2,484,247,0,0,0,0,1147,0,9854,7793
ROI_11216__20191018T072909_20191018T074707_T37NHJ,192134,0,0,0,10737,425,1399,0,38595,0,6,0,18848,0,0,0
ROI_11216__20191107T073019_20191107T074712_T37NHJ,123533,5,202,587,5143,724,13464,519,100725,14,2565,2711,5161,14,0,6777
ROI_11216__20200520T072621_20200520T073953_T37NHJ,12527,0,436,0,3571,0,154382,0,26491,0,43694,0,12157,0,8886,0
ROI_11264__20190504T014701_20190504T014655_T55WER,0,0,262144,0,0,0,0,0,0,0,0,0,0,0,0,0
ROI_11264__20190606T015651_20190606T015654_T55WER,0,0,73751,4,0,0,117039,53,0,0,15701,0,0,0,49999,5597
ROI_11264__20190808T020701_20190808T020657_T55WER,0,113,69760,0,0,160,107185,12,0,0,0,0,0,64,84850,0
ROI_11264__20191019T015659_20191019T015659_T55WER,0,0,37664,0,0,0,94999,0,0,0,129481,0,0,0,0,0
ROI_11264__20200531T015701_20200531T015659_T55WER,0,0,209834,0,0,0,8623,0,0,0,43687,0,0,0,0,0
ROI_1129__20190105T080321_20190105T080909_T37RFP,0,0,116511,0,0,0,114437,0,0,0,31196,0,0,0,0,0
ROI_1129__20190130T080159_20190130T080445_T37RFP,0,0,3063,0,0,0,243542,0,0,0,1696,0,0,0,13843,0
ROI_1129__20190530T075619_20190530T080326_T37RFP,0,0,119113,0,0,0,45873,0,0,0,7305,0,0,0,89853,0
ROI_1129__20191121T080231_20191121T080831_T37RFP,0,0,262144,0,0,0,0,0,0,0,0,0,0,0,0,0
ROI_1129__20200219T075951_20200219T080811_T37RFP,0,0,3063,0,0,0,230302,0,0,0,3649,0,0,0,25130,0
ROI_1140__20190106T105431_20190106T110544_T29QPV,0,0,104423,0,0,0,99562,0,0,0,58159,0,0,0,0,0
ROI_1140__20190119T110401_20190119T111543_T29QPV,0,0,262144,0,0,0,0,0,0,0,0,0,0,0,0,0
ROI_1140__20190531T105039_20190531T105900_T29QPV,0,0,10717,0,0,0,220192,0,0,0,0,0,0,0,31235,0
ROI_1140__20191013T105031_20191013T110554_T29QPV,0,0,130818,0,0,0,13819,0,0,0,98109,0,0,0,19398,0
ROI_1140__20200210T105201_20200210T110253_T29QPV,0,0,60088,0,0,0,6664,0,0,0,116702,0,0,0,78690,0
ROI_1144__20180119T092309_20180119T092446_T34RCU,0,0,262144,0,0,0,0,0,0,0,0,0,0,0,0,0
ROI_1144__20180223T092031_20180223T092713_T34RCU,0,0,3063,0,0,0,110380,0,0,0,89349,0,0,0,59352,0
ROI_1144__20190119T092311_20190119T092328_T34RCU,0,0,3063,0,0,0,52343,0,0,0,184419,0,0,0,22319,0
ROI_1144__20190208T092141_20190208T092538_T34RCU,0,0,63226,0,0,0,157089,0,0,0,4109,0,0,0,37720,0
ROI_1144__20190414T092039_20190414T093213_T34RCU,0,4,10429,0,0,0,211023,0,0,0,32252,0,0,0,8436,0
ROI_11511__20190419T191911_20190419T191913_T11VNL,0,0,79462,0,0,0,0,0,0,0,182682,0,0,0,0,0
ROI_11511__20190630T190919_20190630T190922_T11VNL,0,0,132500,15392,0,0,55958,96,0,0,0,0,0,0,57458,740
ROI_11511__20190713T191919_20190713T191919_T11VNL,0,0,262144,0,0,0,0,0,0,0,0,0,0,0,0,0
ROI_11511__20200604T190919_20200604T191606_T11VNL,0,0,262144,0,0,0,0,0,0,0,0,0,0,0,0,0
ROI_11511__20200624T190919_20200624T191618_T11VNL,0,0,50085,131,0,0,161916,3335,0,0,0,0,0,0,42953,3724
ROI_11640__20181224T040151_20181224T040854_T47RMP,0,0,262100,44,0,0,0,0,0,0,0,0,0,0,0,0
ROI_11640__20190121T041059_20190121T041732_T47RMP,68636,0,121268,10332,0,0,20313,0,0,0,41595,0,0,0,0,0
ROI_11640__20191109T040001_20191109T040459_T47RMP,155467,2115,84706,0,0,260,12122,0,0,0,0,0,0,3149,4325,0
ROI_11640__20200225T040739_20200225T040826_T47RMP,0,0,10540,96734,0,1,121918,1517,0,318,16778,3527,0,0,10811,0
ROI_11640__20200711T035539_20200711T040645_T47RMP,0,0,2261,802,0,0,130696,13610,0,0,30305,51317,0,0,32598,555
ROI_11670__20190306T070749_20190306T070745_T43WDQ,0,0,262144,0,0,0,0,0,0,0,0,0,0,0,0,0
ROI_11670__20190820T065629_20190820T065815_T43WDQ,0,84,134511,0,0,16,69519,0,0,0,0,0,0,0,58014,0
ROI_11670__20190926T064629_20190926T064624_T43WDQ,0,362,25151,4779,0,118,153502,178,0,0,36883,0,0,1969,28523,10679
ROI_11670__20200429T070619_20200429T070616_T43WDQ,0,2,69482,0,0,0,107215,0,0,0,0,0,0,1045,84400,0
ROI_11670__20200710T065631_20200710T065731_T43WDQ,214733,0,660,0,27590,0,5122,0,0,0,0,0,13699,0,340,0
ROI_1174__20190116T142751_20190116T142749_T20MMT,0,0,59557,0,0,0,108819,0,0,0,57080,43,0,0,36645,0
ROI_1174__20190401T142759_20190401T143320_T20MMT,0,226,169862,512,0,49,59378,93,0,0,0,0,0,104,31910,10
ROI_1174__20190715T142801_20190715T142758_T20MMT,0,0,0,262144,0,0,0,0,0,0,0,0,0,0,0,0
ROI_1174__20190824T142751_20190824T142754_T20MMT,0,0,0,45603,0,0,0,0,0,0,0,216541,0,0,0,0
ROI_1174__20200111T142701_20200111T142659_T20MMT,0,0,3063,0,0,0,176267,0,0,0,50878,0,0,0,31936,0
ROI_11764__20190103T142031_20190103T143026_T18GYN,0,0,214349,0,0,0,34121,0,0,0,13674,0,0,0,0,0
ROI_11764__20190118T142039_20190118T143025_T18GYN,0,0,53036,0,0,0,19169,20,0,0,176592,0,0,0,13327,0
ROI_11764__20191114T141739_20191114T142744_T18GYN,0,1317,2082,61128,0,3414,141804,4453,0,0,793,0,0,3825,9380,33948
ROI_11764__20191214T141729_20191214T142749_T19GCH,0,0,83498,0,0,0,13514,0,0,0,164440,0,0,0,692,0
ROI_11764__20200626T141741_20200626T143200_T19GCH,0,0,262144,0,0,0,0,0,0,0,0,0,0,0,0,0
ROI_1190__20190519T032549_20190519T034051_T47NPA,0,0,0,24070,0,425,15080,30840,0,265,4050,182502,0,51,1570,3291
ROI_1190__20190524T032541_20190524T034646_T47NPA,0,0,0,90348,0,0,3233,22259,0,0,754,126576,0,0,8,18966
ROI_1190__20190703T032541_20190703T033920_T47NPA,0,0,6252,255892,0,0,0,0,0,0,0,0,0,0,0,0
ROI_1190__20200314T032539_20200314T033902_T47NPA,0,0,3063,0,0,0,217284,0,0,0,21702,0,0,0,20095,0
ROI_1190__20200413T032529_20200413T034714_T47NPA,0,40,192836,200,0,10,50039,0,0,0,0,0,0,0,19019,0
ROI_11924__20190211T075041_20190211T081352_T35JQN,0,0,253314,8830,0,0,0,0,0,0,0,0,0,0,0,0
ROI_11924__20190303T074821_20190303T081357_T35JQN,8516,163,236299,7555,0,25,2663,2,0,0,0,0,0,2784,3271,866
ROI_11924__20190308T074749_20190308T081646_T35JQN,0,105,21034,66306,0,63,130612,6506,0,0,0,0,0,19,22396,15103
ROI_11924__20190407T074619_20190407T081445_T35JQN,1360,13,128623,5385,0,36,75494,58,0,0,3666,0,0,0,47509,0
ROI_11924__20190606T074619_20190606T081648_T35JQN,0,1802,98716,5265,0,137,8761,16,0,3985,87255,36502,0,1346,3698,14661
ROI_1200__20190821T150729_20190821T150808_T19PDN,105229,0,10386,88177,164,0,34697,10379,0,0,0,0,96,0,7725,5291
ROI_1200__20190824T151709_20190824T151708_T19PDN,0,0,262144,0,0,0,0,0,0,0,0,0,0,0,0,0
ROI_1200__20191107T151711_20191107T151707_T19PDN,0,0,8082,0,0,0,238135,0,0,0,0,0,0,0,15927,0
ROI_1200__20191207T151701_20191207T151701_T19PDN,0,0,7636,83353,0,0,85170,8016,0,0,0,51409,0,0,11197,15363
ROI_1200__20200505T151711_20200505T151755_T19PDN,0,0,30865,31434,0,0,175872,1055,0,0,0,0,0,0,21440,1478
ROI_12023__20181219T133221_20181219T133216_T23MMR,87,188,93166,0,0,0,114953,0,0,0,0,0,0,0,53750,0
ROI_12023__20190617T133231_20190617T133228_T23MMR,0,0,108786,0,0,8,92928,0,0,0,0,0,0,95,60327,0
ROI_12023__20190816T133231_20190816T133227_T23MMR,0,0,8385,253759,0,0,0,0,0,0,0,0,0,0,0,0
ROI_12023__20200412T133221_20200412T133223_T23MMR,0,43,27214,1,0,279,146720,37,0,0,0,0,0,389,87437,24
ROI_12023__20200721T133231_20200721T133230_T23MMR,0,0,3063,0,0,0,245297,0,0,0,0,0,0,0,13784,0
ROI_1218__20181227T160501_20181227T160504_T16PGS,0,0,19211,1432,0,0,190632,0,0,0,0,0,0,0,50456,413
ROI_1218__20190116T160511_20190116T160507_T16PGS,110143,0,57817,24298,2338,104,48678,2779,0,0,0,0,409,0,13659,1919
ROI_1218__20190205T160511_20190205T160508_T16PGS,243041,0,19103,0,0,0,0,0,0,0,0,0,0,0,0,0
ROI_1218__20190720T160519_20190720T160614_T16PGS,34667,0,46304,1729,419,0,162810,3140,0,0,0,0,206,0,12732,137
ROI_1218__20191023T160511_20191023T160514_T16PGS,0,0,9002,0,0,0,238262,0,0,0,0,0,0,0,14880,0
ROI_1232__20190307T155111_20190307T155625_T18UXV,0,0,208674,0,0,0,18889,0,0,0,23118,0,0,0,11463,0
ROI_1232__20190705T154911_20190705T155424_T18UXV,0,0,188,2875,0,110,23546,47073,0,0,54221,92944,0,0,10311,30876
ROI_1232__20190908T154809_20190908T154946_T18UXV,2898,0,110289,28,0,0,96311,0,0,0,0,0,177,16,43969,8456
ROI_1232__20200321T154931_20200321T155632_T18UXV,0,0,154801,0,0,0,47060,0,0,0,0,0,0,0,60283,0
ROI_1232__20200520T154911_20200520T155359_T18UXV,0,1970,260174,0,0,0,0,0,0,0,0,0,0,0,0,0
ROI_1237__20190507T174919_20190507T174933_T14VNK,0,0,14748,2084,0,0,194546,0,0,0,15949,12,0,0,34805,0
ROI_1237__20190904T174909_20190904T175713_T14VNK,0,7139,252164,2841,0,0,0,0,0,0,0,0,0,0,0,0
ROI_1237__20200603T175909_20200603T180042_T14VNK,0,0,5988,0,0,0,241784,0,0,0,0,0,0,0,14372,0
ROI_1237__20200627T173909_20200627T174744_T14VNK,0,0,7811,35,0,17,234029,38,0,0,0,0,0,0,20214,0
ROI_1237__20200720T174909_20200720T175738_T14VNK,84,0,191474,8529,0,136,13052,0,0,0,0,0,0,1370,31235,16264
ROI_1245__20190608T014659_20190608T014659_T56WMU,114,0,170359,0,0,839,10444,0,1,0,71480,0,0,0,8907,0
ROI_1245__20190612T012659_20190612T012702_T56WMU,103585,0,2511,0,6815,0,124832,0,13420,0,3247,0,5128,0,2606,0
ROI_1245__20190617T012701_20190617T012658_T56WMU,106,0,262038,0,0,0,0,0,0,0,0,0,0,0,0,0
ROI_1245__20190804T013659_20190804T013700_T56WMU,0,0,4235,0,0,0,215136,0,0,0,0,0,0,0,42773,0
ROI_1245__20200614T013701_20200614T013659_T56WMU,212440,20,875,407,547,85,11445,0,0,0,0,0,19863,5,608,15849
ROI_1256__20190720T054649_20190720T054813_T45WWN,0,0,262144,0,0,0,0,0,0,0,0,0,0,0,0,0
ROI_1256__20190801T053651_20190801T053831_T45WWN,0,268,2272,523,0,395,74976,169,0,24,150762,664,0,798,31293,0
ROI_1256__20190816T053649_20190816T053944_T45WWN,0,0,223636,6469,0,89,17710,476,0,0,0,0,0,0,12881,883
ROI_1256__20200726T053651_20200726T053647_T45WWN,0,0,35088,0,0,0,183636,0,0,0,0,0,0,0,43420,0
ROI_1256__20200729T054641_20200729T054849_T45WWN,0,0,158474,0,0,0,65061,0,0,0,0,0,0,0,38609,0
ROI_1261__20191122T125311_20191122T125309_T23KRS,0,0,18334,0,0,0,200172,0,0,0,27274,0,0,0,16364,0
ROI_1261__20191227T125309_20191227T125303_T24KTB,72755,0,33206,0,8834,0,103240,0,0,0,0,0,9738,0,34371,0
ROI_1261__20200129T130239_20200129T130239_T24KTB,242232,0,2006,0,5124,39,3517,0,2078,0,0,0,7148,0,0,0
ROI_1261__20200520T125311_20200520T125314_T24KTB,2182,0,15279,98174,0,0,81867,27214,0,0,0,0,164,0,10116,27148
ROI_1261__20200624T125309_20200624T125520_T24KTB,229142,0,33002,0,0,0,0,0,0,0,0,0,0,0,0,0
ROI_1276__20191028T031831_20191028T032444_T49RBN,157966,0,21239,0,15676,0,42390,0,0,0,0,0,10168,0,14705,0
ROI_1276__20191031T032851_20191031T033502_T49RBN,350,0,261777,17,0,0,0,0,0,0,0,0,0,0,0,0
ROI_1276__20200129T033001_20200129T033624_T49RBN,87046,0,18596,99288,7898,6,29102,6992,0,0,0,0,2293,0,227,10696
ROI_1276__20200604T031551_20200604T031600_T49RBN,0,0,31912,0,0,0,178206,0,0,0,29236,0,0,0,22790,0
ROI_1276__20200624T031551_20200624T032157_T49RBN,0,0,3063,0,0,0,250007,0,0,0,0,0,0,0,9074,0
ROI_1280__20190922T034539_20190922T035037_T48UXU,261028,0,1116,0,0,0,0,0,0,0,0,0,0,0,0,0
ROI_1280__20200611T035539_20200611T035539_T48UXU,1277,87,14973,206173,0,2619,7817,10341,0,0,0,0,0,379,156,18322
ROI_1280__20200616T035541_20200616T040014_T48UXU,0,0,3063,0,0,195,239218,0,0,0,0,0,0,26,19642,0
ROI_1280__20200623T034541_20200623T035007_T48UXU,0,2,74272,39380,0,850,96941,3977,0,0,0,0,0,1591,38595,6536
ROI_1280__20200706T035541_20200706T035653_T48UXU,432,0,5830,27057,0,42,169711,1718,0,0,0,0,0,0,46561,10793
ROI_1298__20190513T080619_20190513T080937_T38UNA,0,114,2947,2,0,0,106521,0,0,5,61656,0,0,0,84410,6489
ROI_1298__20190629T075619_20190629T080033_T38UNA,0,1338,0,1725,0,1930,0,1936,0,48183,13139,171524,0,0,499,21870
ROI_1298__20200608T075621_20200608T080252_T38UNA,0,243,7535,241420,0,430,4371,2552,0,0,0,0,0,1893,0,3700
ROI_1298__20200628T075611_20200628T075614_T38UNA,0,0,26731,235413,0,0,0,0,0,0,0,0,0,0,0,0
ROI_1298__20200723T075609_20200723T080317_T38UNA,0,221,35526,176365,0,195,21738,7901,0,0,0,0,0,1410,2587,16201
ROI_1321__20191023T070229_20191023T070227_T39LTD,254,0,141289,7410,269,0,69098,4,0,0,0,0,188,0,43569,63
ROI_1321__20200205T070221_20200205T070218_T39LTD,111312,267,72931,4314,1140,182,36521,601,437,0,19090,0,370,830,13926,223
ROI_1321__20200316T070221_20200316T070223_T38LRJ,0,0,13414,0,0,61,34376,0,0,51,196738,0,0,0,17504,0
ROI_1321__20200619T070229_20200619T070229_T39LTD,0,0,3063,0,0,0,251191,0,0,0,0,0,0,0,7890,0
ROI_1321__20200714T070231_20200714T070231_T39LTD,1061,0,261083,0,0,0,0,0,0,0,0,0,0,0,0,0
ROI_1322__20191207T070221_20191207T070224_T39KTB,232886,0,1137,0,12183,0,2954,0,0,0,0,0,12445,0,539,0
ROI_1322__20200405T070221_20200405T070223_T39KTB,0,91,33799,0,0,175,182341,0,0,0,0,0,0,145,45593,0
ROI_1322__20200515T070231_20200515T070232_T39KTB,0,0,123748,0,0,0,76357,0,0,0,0,0,0,0,62039,0
ROI_1322__20200604T070231_20200604T070302_T38KRG,0,0,3063,0,0,1,249252,0,0,0,0,0,0,0,9828,0
ROI_1322__20200714T070231_20200714T070231_T38KRG,262084,0,60,0,0,0,0,0,0,0,0,0,0,0,0,0
ROI_1330__20181213T140049_20181213T140046_T21JTF,0,75,30372,124,0,21,170807,0,0,0,0,0,0,106,60639,0
ROI_1330__20190112T140049_20190112T140051_T21JTF,0,0,22540,0,0,0,187990,2,0,0,0,0,0,0,51612,0
ROI_1330__20200401T140051_20200401T140826_T21JTF,0,0,3063,0,0,0,250087,0,0,0,0,0,0,0,8994,0
ROI_1330__20200620T140101_20200620T140058_T21JTF,0,1445,11782,224201,0,985,9672,3456,0,0,0,0,0,399,840,9364
ROI_1330__20200730T140101_20200730T140058_T21JTF,0,0,0,262144,0,0,0,0,0,0,0,0,0,0,0,0
ROI_1333__20190201T170529_20190201T170648_T14QND,34288,0,163214,34910,0,0,0,0,5588,0,1167,22977,0,0,0,0
ROI_1333__20190830T165849_20190830T171517_T14QND,0,0,3063,0,0,0,246113,0,0,0,0,0,0,0,12968,0
ROI_1333__20191228T170719_20191228T171451_T14QND,21370,11,1742,107075,221,18,8556,10525,6015,187,143,80772,1162,28,263,24056
ROI_1333__20200607T164901_20200607T170704_T14QND,32739,176,1432,62078,1255,7259,99516,17421,0,0,0,0,0,1670,14658,23940
ROI_1333__20200725T165849_20200725T171158_T14QND,225466,80,36598,0,0,0,0,0,0,0,0,0,0,0,0,0
ROI_1346__20190212T181459_20190212T181453_T14VMN,0,0,262144,0,0,0,0,0,0,0,0,0,0,0,0,0
ROI_1346__20190811T180929_20190811T180955_T14VMN,0,0,8297,0,0,0,230212,0,0,0,0,0,0,0,23635,0
ROI_1346__20191005T181221_20191005T181658_T14VMN,0,0,53494,0,0,0,135805,0,0,0,0,0,0,0,72845,0
ROI_1346__20200613T175919_20200613T180445_T14VMN,0,180,21600,4,0,0,167022,0,0,0,0,0,0,0,73338,0
ROI_1346__20200718T175921_20200718T180015_T14VMN,0,0,131965,0,0,0,2465,0,0,0,127714,0,0,0,0,0
ROI_1348__20190818T112119_20190818T113216_T28QDD,0,0,20138,0,0,0,207032,0,0,0,0,0,0,0,34974,0
ROI_1348__20190831T113319_20190831T113521_T28QDD,0,0,47194,0,0,0,147904,0,0,0,0,0,0,0,67046,0
ROI_1348__20191114T113331_20191114T114025_T28QDD,0,0,171138,0,0,0,3163,0,0,0,87843,0,0,0,0,0
ROI_1348__20200113T113431_20200113T114014_T28QDD,250750,0,8975,2419,0,0,0,0,0,0,0,0,0,0,0,0
ROI_1348__20200427T113319_20200427T113745_T28QDD,0,0,192645,12939,0,31,41403,3100,0,0,0,0,0,0,12026,0
ROI_1368__20190801T012709_20190801T012703_T55VEH,1,0,76227,0,0,0,118163,0,0,0,0,0,0,0,67753,0
ROI_1368__20190906T014659_20190906T014653_T55VEH,0,0,101576,129759,0,126,10290,3260,0,0,0,0,0,0,442,16691
ROI_1368__20190910T012659_20190910T012656_T55VEH,0,10,20976,0,0,316,171324,1,0,0,0,0,0,897,68619,1
ROI_1368__20200527T012659_20200527T012656_T55VEH,0,0,247805,14339,0,0,0,0,0,0,0,0,0,0,0,0
ROI_1368__20200624T013701_20200624T013659_T55VEH,95332,3691,52541,5435,1326,953,65538,67,0,0,0,0,4259,23377,6508,3117
ROI_1369__20190507T024559_20190507T024554_T53WNM,0,0,24249,0,0,0,157106,0,0,0,0,0,0,0,80789,0
ROI_1369__20190723T023559_20190723T023557_T53WNM,0,0,262144,0,0,0,0,0,0,0,0,0,0,0,0,0
ROI_1369__20190909T024551_20190909T024545_T53WNM,42,0,34215,109322,0,0,42295,3794,0,0,0,0,0,0,24718,47758
ROI_1369__20200712T023551_20200712T023553_T53WNM,0,0,79061,0,0,0,104281,0,0,0,0,0,0,0,78802,0
ROI_1369__20200724T022549_20200724T022551_T53WNM,0,0,166884,0,0,0,9910,0,0,0,85350,0,0,0,0,0
ROI_1392__20180509T101031_20180509T101621_T32SNE,0,0,109859,12180,0,23,68862,7493,0,0,7614,0,0,0,24230,31883
ROI_1392__20181115T101251_20181115T101927_T32SNE,0,0,3063,0,0,22,154146,0,0,0,58601,0,0,0,46312,0
ROI_1392__20200121T100229_20200121T100529_T32SNE,2022,0,106764,1248,0,0,68665,1592,0,0,0,0,64,0,80430,1359
ROI_1392__20200408T101021_20200408T101923_T32SNE,0,2526,35282,65448,0,1197,86095,6403,0,0,0,0,0,24,39615,25554
ROI_1392__20200614T100031_20200614T100243_T32SNE,0,0,262144,0,0,0,0,0,0,0,0,0,0,0,0,0
ROI_1395__20190612T053641_20190612T053857_T44UQE,0,5,28024,123939,0,187,52756,7061,0,0,0,0,0,40,28866,21266
ROI_1395__20190811T053651_20190811T053645_T45UUV,0,0,39166,39231,0,0,159877,457,0,0,0,0,0,0,23221,192
ROI_1395__20190823T052649_20190823T052651_T45UUV,1390,0,158488,0,28,0,53624,0,0,0,0,0,0,0,48614,0
ROI_1395__20190917T052651_20190917T052645_T45UUV,0,0,515,261629,0,0,0,0,0,0,0,0,0,0,0,0
ROI_1395__20200606T053651_20200606T053648_T44UQE,0,0,95627,14662,0,0,87765,0,0,0,0,0,0,0,64060,30
ROI_1399__20190305T073809_20190305T080422_T36KWV,1309,138,77876,1,378,0,109933,0,0,0,0,0,308,0,72191,10
ROI_1399__20190526T072621_20190526T075408_T36KWV,0,0,262144,0,0,0,0,0,0,0,0,0,0,0,0,0
ROI_1399__20191105T074111_20191105T075932_T36KWV,0,0,32149,0,0,0,177889,0,0,0,0,0,0,0,52106,0
ROI_1399__20200420T072621_20200420T074849_T36KWV,7103,1,132508,6,92,13,63375,0,0,0,0,0,334,24,58688,0
ROI_1399__20200508T073609_20200508T075941_T36KWV,19924,6,141598,18918,0,63,40003,632,0,0,0,0,143,889,25851,14117
ROI_1400__20190606T131249_20190606T131250_T24LTR,0,0,77394,0,0,0,122424,0,0,0,0,0,0,0,62326,0
ROI_1400__20191004T131249_20191004T131243_T23LRL,0,7,18715,174576,0,49,32051,4690,0,0,0,0,0,2925,10130,19001
ROI_1400__20191108T131251_20191108T131245_T23LRL,0,0,994,227585,0,0,0,299,0,0,0,32883,0,0,0,383
ROI_1400__20200312T131239_20200312T131240_T24LTR,0,0,38734,0,0,0,170680,0,0,0,0,0,0,0,52730,0
ROI_1400__20200730T131249_20200730T131245_T23LRL,1345,0,221399,39400,0,0,0,0,0,0,0,0,0,0,0,0
ROI_1403__20191115T083119_20191115T085223_T34KCE,0,0,188984,1165,0,0,47110,790,0,0,0,0,0,0,12198,11897
ROI_1403__20200114T083219_20200114T084628_T34KCE,0,0,128641,106564,0,0,12076,2004,0,0,0,0,0,0,9875,2984
ROI_1403__20200228T082901_20200228T085149_T34KCE,0,2,82490,117,0,0,113224,0,0,0,0,0,0,0,66299,12
ROI_1403__20200314T082719_20200314T085231_T34KCE,0,0,3063,0,0,73,180851,14,0,0,32362,0,0,12,45768,1
ROI_1403__20200712T082609_20200712T084612_T34KCE,0,0,262144,0,0,0,0,0,0,0,0,0,0,0,0,0
ROI_1423__20190508T180921_20190508T181528_T12STF,47864,0,11663,0,1484,0,176842,0,0,0,0,0,3855,0,20436,0
ROI_1423__20190602T180929_20190602T182216_T11SQA,0,0,135911,3,0,0,96382,0,0,0,0,0,0,703,29061,84
ROI_1423__20190809T181921_20190809T183133_T12STF,34607,0,11311,0,0,0,144423,0,0,0,0,0,1155,0,67951,2697
ROI_1423__20190918T182021_20190918T182459_T12STF,5,0,262139,0,0,0,0,0,0,0,0,0,0,0,0,0
ROI_1423__20200128T181609_20200128T182122_T11SQA,0,0,250915,0,0,0,0,0,0,0,11229,0,0,0,0,0
ROI_1424__20190322T182031_20190322T183105_T11SQV,225778,170,1735,1619,7335,2125,11434,901,0,0,0,0,9723,27,829,468
ROI_1424__20190508T180921_20190508T181528_T12STE,90665,373,20030,293,8756,78,100249,143,0,0,0,0,8005,614,31064,1874
ROI_1424__20190521T181921_20190521T183010_T12STE,90506,0,8802,518,14744,0,112647,3689,0,0,0,0,10836,0,4620,15782
ROI_1424__20191023T182419_20191023T182537_T12STE,0,21,20755,0,0,0,0,0,0,264,241104,0,0,0,0,0
ROI_1424__20200303T181231_20200303T182027_T12STE,16164,0,245980,0,0,0,0,0,0,0,0,0,0,0,0,0
ROI_1435__20190407T083601_20190407T090337_T33KXS,173871,0,15682,300,2952,26,34521,34,0,0,0,0,21219,0,10237,3302
ROI_1435__20190701T083609_20190701T085823_T33KXS,0,0,205375,56769,0,0,0,0,0,0,0,0,0,0,0,0
ROI_1435__20200112T084321_20200112T090335_T33KXS,12583,0,125451,0,131,0,84958,0,0,0,0,0,638,0,38383,0
ROI_1435__20200201T084151_20200201T085750_T33KXS,144212,1974,7759,1462,8120,15190,50682,2867,0,0,0,0,11001,4375,3308,11194
ROI_1435__20200312T083731_20200312T090440_T33KXS,0,848,72464,519,0,371,152940,69,0,0,0,0,0,0,34933,0
ROI_1447__20190501T190919_20190501T190921_T11VPL,0,0,45665,0,0,0,150500,0,0,0,1018,0,0,0,63609,1352
ROI_1447__20190610T190919_20190610T190921_T11VPL,0,41347,167481,8776,0,4288,12141,0,0,4173,22744,1194,0,0,0,0
ROI_1447__20190713T191919_20190713T191919_T11VPL,0,553,57211,17,0,130,116356,50,0,0,860,0,0,95,86816,56
ROI_1447__20190910T185931_20190910T190602_T11VPL,0,46668,215419,57,0,0,0,0,0,0,0,0,0,0,0,0
ROI_1447__20200624T190919_20200624T191618_T12VUR,0,0,57490,0,0,0,162320,0,0,0,1295,0,0,0,41039,0
ROI_1580__20180526T105029_20180526T105635_T31UDP,0,0,3063,0,0,0,228058,0,0,0,0,0,0,0,31023,0
ROI_1580__20181212T105439_20181212T105647_T31UDP,12,7,90051,64,0,0,77297,0,0,0,0,0,0,0,94713,0
ROI_1580__20181222T105449_20181222T105730_T31UDP,0,0,3063,0,0,157,94728,0,0,311,163885,0,0,0,0,0
ROI_1580__20190215T105131_20190215T105128_T31UDP,0,0,205531,56613,0,0,0,0,0,0,0,0,0,0,0,0
ROI_1580__20190720T105039_20190720T105035_T31UDP,0,0,3063,0,0,0,151453,0,0,0,0,0,0,0,107628,0
ROI_1661__20180107T093351_20180107T093419_T34SCC,0,0,24657,7153,0,0,13612,0,0,0,210943,5779,0,0,0,0
ROI_1661__20180320T092019_20180320T092416_T34SCC,0,0,0,262144,0,0,0,0,0,0,0,0,0,0,0,0
ROI_1661__20180402T093029_20180402T093345_T34SCC,18,0,106414,2086,0,31,34190,627,0,14,85081,7812,12,33,17349,8477
ROI_1661__20190320T092031_20190320T092026_T34SCC,0,0,16612,1,0,1,143727,382,0,0,85174,0,0,0,16247,0
ROI_1661__20190328T093039_20190328T093600_T34SCC,0,0,188251,0,0,0,45231,0,0,0,0,0,4,0,28658,0
ROI_1952__20190314T030539_20190314T030800_T50TLP,0,0,8116,0,0,0,214391,0,0,0,17428,0,0,0,22209,0
ROI_1952__20190630T031541_20190630T032156_T50TLP,0,0,106747,118,0,0,51502,0,0,0,38418,70,0,380,62248,2661
ROI_1952__20190804T031549_20190804T031710_T50TLP,0,0,37663,0,0,0,821,0,0,0,194013,15936,0,0,13711,0
ROI_1952__20200328T030539_20200328T031148_T50TLP,0,0,262144,0,0,0,0,0,0,0,0,0,0,0,0,0
ROI_1952__20200729T031539_20200729T032541_T50TLP,0,0,94410,0,0,280,105729,0,0,0,0,0,0,759,60966,0
ROI_2193__20180625T105029_20180625T105253_T31UEQ,0,0,83860,0,0,0,133978,0,0,0,0,0,0,0,44306,0
ROI_2193__20191018T105039_20191018T105338_T31UEQ,637,0,77224,92847,50,61,39607,5120,0,0,0,0,526,16,16265,29791
ROI_2193__20191117T105229_20191117T105529_T31UEQ,0,5825,11182,68644,0,3639,148571,6052,0,0,0,0,0,1053,15404,1774
ROI_2193__20200116T105309_20200116T105304_T31UEQ,8024,0,66394,187726,0,0,0,0,0,0,0,0,0,0,0,0
ROI_2193__20200714T104619_20200714T105055_T31UEQ,0,0,3063,0,0,0,243827,0,0,0,0,0,0,0,15254,0
ROI_2299__20190608T182929_20190608T183120_T11TNH,0,0,33729,0,0,0,185548,0,0,0,0,0,0,0,42867,0
ROI_2299__20190721T183929_20190721T184610_T11TNH,0,0,262144,0,0,0,0,0,0,0,0,0,0,0,0,0
ROI_2299__20190911T182921_20190911T183249_T11TNH,10536,0,61557,15869,117,0,104217,3044,0,0,0,0,383,0,50099,16322
ROI_2299__20200403T182919_20200403T183109_T11TNH,0,0,15227,0,0,0,229334,0,0,0,0,0,0,0,17583,0
ROI_2299__20200602T182919_20200602T183556_T11TNH,0,52,187157,0,0,39,53414,0,0,0,0,0,0,150,21300,32
ROI_2301__20190507T183921_20190507T185033_T11TMG,0,2984,11789,4139,0,744,128374,0,0,15964,23293,24893,0,4,28022,21938
ROI_2301__20190601T183929_20190601T185229_T11TMG,0,377,21109,9580,0,52,168400,412,0,0,0,0,0,1469,48352,12393
ROI_2301__20190904T183921_20190904T184852_T11TMG,0,0,159419,330,0,5941,7893,3362,0,1617,64116,1937,0,0,16976,553
ROI_2301__20191108T184559_20191108T184559_T11TMG,0,0,38951,223193,0,0,0,0,0,0,0,0,0,0,0,0
ROI_2301__20200521T183921_20200521T184912_T11TMG,0,6901,192695,0,0,0,0,0,0,0,62548,0,0,0,0,0
ROI_2519__20190206T144729_20190206T145614_T19LCD,0,0,46849,34895,0,0,134877,161,0,0,0,0,0,0,43390,1972
ROI_2519__20191103T144729_20191103T145605_T19LCD,199341,238,2660,23226,1065,0,17468,2850,0,0,0,0,342,47,6024,8883
ROI_2519__20191121T145731_20191121T150656_T19LCD,0,0,107996,14613,0,1155,61910,9835,0,0,0,0,0,38,38379,28218
ROI_2519__20191203T144719_20191203T144720_T19LCD,0,0,19374,0,0,0,213751,31,0,0,0,0,0,0,28239,749
ROI_2519__20200730T144729_20200730T145622_T19LCD,0,0,189544,72600,0,0,0,0,0,0,0,0,0,0,0,0
ROI_2537__20190112T140049_20190112T141130_T20HNG,0,500,33971,177644,0,2542,24738,2303,0,0,0,0,0,1226,12171,7049
ROI_2537__20190805T140101_20190805T140831_T20HNG,429,5672,66043,190000,0,0,0,0,0,0,0,0,0,0,0,0
ROI_2537__20191002T141049_20191002T141614_T20HNG,0,0,130623,17013,0,109,18892,3535,0,27,26295,5490,0,51,39759,20350
ROI_2537__20200120T140639_20200120T141746_T20HNG,0,0,16028,220245,0,49,11373,1957,0,0,0,0,0,0,6008,6484
ROI_2537__20200312T140051_20200312T140048_T20HNG,0,0,34683,40108,0,0,6717,30,0,0,178457,2149,0,0,0,0
ROI_2582__20190117T140051_20190117T140048_T20HPH,0,0,3407,0,0,0,230299,0,0,0,6464,0,0,0,21974,0
ROI_2582__20190318T140051_20190318T140226_T20HPH,0,0,117952,144192,0,0,0,0,0,0,0,0,0,0,0,0
ROI_2582__20191009T140059_20191009T140053_T20HPH,56790,0,21087,114875,100,0,43562,486,1873,0,12483,10223,0,0,665,0
ROI_2582__20191208T140049_20191208T140046_T20HPH,0,0,3911,0,0,0,241980,0,0,0,0,0,0,0,16253,0
ROI_2582__20200206T135639_20200206T140850_T20HPH,0,0,82777,2165,0,0,117013,69,0,0,7122,66,0,0,52349,583
ROI_2696__20190109T152639_20190109T153112_T18NXM,2659,0,104702,0,99,0,95899,0,0,0,0,0,628,0,58157,0
ROI_2696__20190404T152641_20190404T152640_T18NXM,0,0,29189,0,0,0,206236,0,0,0,0,0,0,0,26719,0
ROI_2696__20200104T152639_20200104T153054_T18NXM,173311,0,41436,428,3771,153,20798,183,0,0,0,0,2632,3,19117,312
ROI_2696__20200218T152631_20200218T152633_T18NXM,0,0,0,182311,0,0,0,0,0,50,115,79668,0,0,0,0
ROI_2696__20200304T152639_20200304T152636_T18NXM,0,0,0,262144,0,0,0,0,0,0,0,0,0,0,0,0
ROI_2780__20190323T074611_20190323T080452_T35HLB,0,0,956,214868,0,0,12905,24594,0,0,0,0,0,0,0,8821
ROI_2780__20190525T075611_20190525T082742_T35HLB,0,0,21126,0,0,0,179044,0,0,0,0,0,0,4,61970,0
ROI_2780__20191218T075331_20191218T081511_T35HLB,0,0,3065,0,0,3,138897,1362,0,51,113838,440,0,0,4474,14
ROI_2780__20200112T075209_20200112T081135_T35HLB,0,52,50714,41980,0,50,144399,2651,0,0,0,0,0,45,19779,2474
ROI_2780__20200404T075609_20200404T082657_T35HLB,0,0,0,262144,0,0,0,0,0,0,0,0,0,0,0,0
ROI_2874__20180411T100029_20180411T100024_T33TWL,210689,0,30288,611,1876,0,1754,0,4299,0,12627,0,0,0,0,0
ROI_2874__20190406T100029_20190406T100222_T33TWL,194,0,20190,0,0,0,180705,0,0,0,0,0,12,0,61043,0
ROI_2874__20190605T100039_20190605T100530_T33TWL,0,0,111807,37,0,219,58125,119,0,369,60680,8,0,0,30780,0
ROI_2874__20190705T100039_20190705T100759_T33TWL,786,0,225248,0,156,0,20010,0,0,0,0,0,35,0,15909,0
ROI_2874__20190913T100029_20190913T100548_T33TWL,126863,0,0,135281,0,0,0,0,0,0,0,0,0,0,0,0
ROI_3168__20190401T063631_20190401T063626_T43WEN,0,0,3066,0,0,0,174481,0,0,0,19956,0,0,0,64641,0
ROI_3168__20190421T063631_20190421T063629_T43WEN,0,0,32267,0,0,0,54377,0,0,0,60369,0,0,0,115131,0
ROI_3168__20190623T064631_20190623T064838_T43WEN,0,0,262144,0,0,0,0,0,0,0,0,0,0,0,0,0
ROI_3168__20190717T062631_20190717T062633_T43WEN,0,0,260929,0,0,0,523,0,0,0,0,0,0,0,692,0
ROI_3168__20200712T064629_20200712T064625_T43WEN,0,372,61935,30148,0,21895,52372,8685,0,6106,46601,19519,0,1270,12380,861
ROI_3188__20190319T080641_20190319T081002_T38UPD,0,0,216086,46058,0,0,0,0,0,0,0,0,0,0,0,0
ROI_3188__20190629T075619_20190629T080033_T38UPD,0,56,75807,55911,0,21,74004,104,0,0,12015,0,0,2455,37931,3840
ROI_3188__20190704T075611_20190704T075614_T38UPD,0,0,94371,123711,0,6,24869,1168,0,0,0,0,0,873,13856,3290
ROI_3188__20191015T080911_20191015T081349_T38UPD,63,0,16150,3472,0,0,114012,0,0,0,0,0,409,0,93811,34227
ROI_3188__20200212T081041_20200212T081223_T38UPD,0,0,36001,0,0,0,25252,0,0,0,188003,0,0,0,12888,0
ROI_3257__20190310T073731_20190310T073726_T39VXE,0,0,50493,3602,0,0,169119,445,0,0,0,0,0,0,38485,0
ROI_3257__20190414T073619_20190414T073736_T39VXE,0,0,32895,229249,0,0,0,0,0,0,0,0,0,0,0,0
ROI_3257__20190626T074619_20190626T075216_T39VXE,0,0,3063,0,0,60,251519,0,0,0,0,0,0,0,7502,0
ROI_3257__20190906T073611_20190906T073611_T39VXE,0,0,71385,40247,0,0,75900,1145,0,0,0,0,0,0,36457,37010
ROI_3257__20200607T073619_20200607T073708_T39VXE,0,78,98807,66967,0,263,52523,407,0,0,141,117,0,0,31319,11522
ROI_3381__20190507T174919_20190507T174933_T14VNJ,0,0,262144,0,0,0,0,0,0,0,0,0,0,0,0,0
ROI_3381__20190718T173911_20190718T174740_T14VNJ,0,0,31073,0,0,0,127491,592,0,0,88753,295,0,0,13919,21
ROI_3381__20190916T173951_20190916T173948_T14VNJ,0,0,100887,6613,0,0,90248,0,0,0,58543,4936,0,0,917,0
ROI_3381__20200322T174919_20200322T175638_T14VNJ,0,0,32852,0,0,0,151868,0,0,0,0,0,0,575,76849,0
ROI_3381__20200615T174911_20200615T174914_T14VNJ,0,0,205322,21,0,12,21440,578,0,0,3862,0,0,2,21384,9523
ROI_3449__20190223T130249_20190223T130246_T23KRV,205523,0,534,0,23764,0,4921,0,437,0,0,0,26317,0,648,0
ROI_3449__20190315T130249_20190315T130244_T24KTE,262144,0,0,0,0,0,0,0,0,0,0,0,0,0,0,0
ROI_3449__20190802T130259_20190802T130428_T24KTE,77296,0,37075,0,11979,0,77660,0,0,0,0,0,20686,0,37448,0
ROI_3449__20191215T130241_20191215T130242_T23KRV,158310,70,341,10,47700,96,9847,124,27127,0,21,0,13053,0,72,5373
ROI_3449__20200129T130239_20200129T130239_T24KTE,0,0,6139,0,0,0,198192,0,0,0,24998,0,0,0,32815,0
ROI_3466__20181224T120639_20181224T120639_T24FXF,0,754,175247,0,0,362,71429,0,0,0,0,0,0,37,14315,0
ROI_3466__20190329T120641_20190329T120643_T24FXF,0,0,204557,0,0,0,57587,0,0,0,0,0,0,0,0,0
ROI_3466__20191020T120649_20191020T120655_T24FXF,0,817,261327,0,0,0,0,0,0,0,0,0,0,0,0,0
ROI_3466__20200308T120639_20200308T120641_T24FXF,0,0,68547,37655,0,146,109957,7292,0,0,0,0,0,118,9481,28948
ROI_3466__20200405T121641_20200405T121637_T24FXF,0,0,3063,0,0,33,216105,0,0,0,29165,0,0,0,13778,0
ROI_3652__20180708T101031_20180708T101803_T32SME,0,0,183207,42224,0,0,0,0,0,0,36713,0,0,0,0,0
ROI_3652__20181006T101021_20181006T101651_T32SME,11591,0,225837,24716,0,0,0,0,0,0,0,0,0,0,0,0
ROI_3652__20190213T101131_20190213T101610_T32SME,0,0,83002,0,0,0,121002,0,0,0,0,0,0,0,58140,0
ROI_3652__20190911T101021_20190911T101023_T32SME,0,0,87513,1530,0,197,116549,475,0,0,30534,0,0,0,24608,738
ROI_3652__20200309T101021_20200309T101020_T32SME,0,0,52691,0,0,0,72226,0,0,0,34087,0,0,0,103140,0
ROI_3815__20190326T075611_20190326T081034_T35LQK,1765,0,70253,0,97,0,128934,0,0,0,0,0,202,0,60893,0
ROI_3815__20190413T080609_20190413T083217_T35LQK,0,0,22307,29708,0,0,149472,14738,0,0,0,0,0,0,29044,16875
ROI_3815__20200222T080931_20200222T082541_T35LQK,7016,0,217067,109,0,0,18879,0,0,0,0,0,0,0,19073,0
ROI_3815__20200419T075611_20200419T082215_T35LQK,1398,0,158866,747,0,0,67651,0,0,0,0,0,22,0,32811,649
ROI_3815__20200422T080611_20200422T082942_T35LQK,0,0,262144,0,0,0,0,0,0,0,0,0,0,0,0,0
ROI_3824__20191103T084121_20191103T085335_T34KCG,0,0,204085,1728,0,0,23021,178,0,0,11866,742,0,0,13041,7483
ROI_3824__20191123T084301_20191123T085344_T34KCG,0,0,262144,0,0,0,0,0,0,0,0,0,0,0,0,0
ROI_3824__20200122T084241_20200122T085337_T34KCG,0,0,50601,0,0,0,70855,0,0,0,98455,0,0,0,42233,0
ROI_3824__20200302T083841_20200302T090207_T34KCG,417,0,242397,0,0,0,13475,0,0,0,0,0,12,0,5818,25
ROI_3824__20200322T083621_20200322T090310_T34KCG,0,47,32307,2541,0,26,141528,0,0,0,39335,640,0,0,44999,721
ROI_3838__20190321T075619_20190321T081839_T35HLE,0,452,216604,457,0,4108,17974,260,0,0,0,0,0,5823,12490,3976
ROI_3838__20190410T075619_20190410T082613_T35HLE,761,0,245584,0,0,0,0,0,59,0,15740,0,0,0,0,0
ROI_3838__20190505T075611_20190505T082331_T35HLE,0,0,41499,0,0,0,11966,0,0,0,208679,0,0,0,0,0
ROI_3838__20200229T075841_20200229T082630_T35HLE,0,0,164738,0,0,0,55020,0,0,0,0,0,2,0,42384,0
ROI_3838__20200713T075609_20200713T082205_T35HLE,133,0,262011,0,0,0,0,0,0,0,0,0,0,0,0,0
ROI_3927__20191006T082819_20191006T084959_T34KCD,0,0,262144,0,0,0,0,0,0,0,0,0,0,0,0,0
ROI_3927__20191031T083101_20191031T083825_T34KCD,0,0,98364,0,0,0,126740,0,0,0,17077,0,0,0,19963,0
ROI_3927__20191230T083341_20191230T084321_T34KCD,0,0,31732,0,0,0,128936,0,0,0,44070,0,0,0,57406,0
ROI_3927__20200314T082719_20200314T085231_T34KCD,0,0,188893,0,0,0,0,0,0,0,33785,0,0,0,39466,0
ROI_3927__20200428T082601_20200428T085242_T34KCD,0,0,243113,0,0,0,11125,0,0,0,0,0,0,0,7906,0
ROI_4348__20190316T052649_20190316T053602_T44SMF,0,0,262144,0,0,0,0,0,0,0,0,0,0,0,0,0
ROI_4348__20190502T051659_20190502T052248_T44SMF,0,0,237828,0,0,0,7776,0,0,0,3253,0,0,0,12866,421
ROI_4348__20190706T051701_20190706T051655_T44SMF,172927,0,46149,114,1148,14,16096,856,2605,6,6276,682,797,15,7342,7117
ROI_4348__20200117T052139_20200117T052324_T44SMF,136,25,10355,1232,0,0,115419,0,0,0,10058,0,118,16,93362,31423
ROI_4348__20200120T053129_20200120T053410_T44SMF,0,388,91942,0,0,0,13064,0,0,0,156750,0,0,0,0,0
ROI_4463__20190623T014701_20190623T014656_T55WFP,0,0,10591,39,0,0,185959,0,0,0,37174,0,0,0,27909,472
ROI_4463__20200406T015649_20200406T015649_T55WFP,0,0,262144,0,0,0,0,0,0,0,0,0,0,0,0,0
ROI_4463__20200525T013701_20200525T013659_T55WFP,0,0,73677,177,0,0,111735,2,0,0,0,0,0,0,76543,10
ROI_4463__20200602T014659_20200602T014653_T55WFP,0,0,3271,254050,0,0,1935,541,0,0,0,0,0,0,0,2347
ROI_4463__20200720T015701_20200720T015657_T55WFP,0,0,89262,44,0,0,3052,0,0,0,169786,0,0,0,0,0
ROI_4477__20190505T025551_20190505T025852_T52VCH,0,40,72866,11945,0,39,87501,0,0,54,6668,373,0,0,82129,529
ROI_4477__20190614T025551_20190614T030137_T52VCH,9676,34,189998,0,0,120,35333,0,0,0,0,0,0,1248,25735,0
ROI_4477__20191128T025041_20191128T025044_T52VCH,0,0,198451,0,0,0,3084,0,0,0,37604,0,0,0,23005,0
ROI_4477__20200416T024551_20200416T024734_T52VCH,0,0,261528,616,0,0,0,0,0,0,0,0,0,0,0,0
ROI_4477__20200615T024551_20200615T024740_T52VCH,0,2354,23067,0,0,0,175452,0,0,0,0,0,0,4794,56477,0
ROI_4547__20190316T052649_20190316T053407_T45TUN,0,2889,213274,11762,0,0,4751,0,0,0,21005,0,0,706,2480,5277
ROI_4547__20190430T052651_20190430T052819_T45TUN,132337,0,31971,6818,376,0,30614,792,0,0,0,0,1205,0,15988,42043
ROI_4547__20190820T051659_20190820T052145_T45TUN,129448,1,42809,6986,326,0,73872,952,0,0,0,0,185,0,4624,2941
ROI_4547__20200310T052649_20200310T053327_T45TUN,0,0,262144,0,0,0,0,0,0,0,0,0,0,0,0,0
ROI_4547__20200618T052649_20200618T052648_T45TUN,0,0,3063,0,0,0,245137,0,0,0,0,0,0,0,13944,0
ROI_4704__20190322T013651_20190322T013651_T56WNV,0,0,262144,0,0,0,0,0,0,0,0,0,0,0,0,0
ROI_4704__20190529T014659_20190529T014700_T56WNV,0,0,41524,0,0,0,124933,0,0,0,0,0,0,0,95687,0
ROI_4704__20190625T013659_20190625T013701_T56WNV,12627,127,186609,4842,0,0,25931,471,0,0,0,0,0,955,6305,24277
ROI_4704__20200527T012659_20200527T012656_T56WNV,0,0,8275,0,0,0,139033,0,0,0,0,0,0,0,114836,0
ROI_4704__20200619T013659_20200619T013655_T56WNV,0,984,95700,141916,0,5607,17505,432,0,0,0,0,0,0,0,0
ROI_4797__20190225T090941_20190225T091520_T34RDT,0,0,84306,0,0,0,87560,0,0,0,0,0,0,0,90278,0
ROI_4797__20191006T092031_20191006T092031_T34RDT,0,0,74771,0,0,0,98309,0,0,0,0,0,0,0,89064,0
ROI_4797__20191220T092309_20191220T092838_T34RDT,0,0,262144,0,0,0,0,0,0,0,0,0,0,0,0,0
ROI_4797__20200225T090849_20200225T091800_T34RDT,0,0,199634,130,0,1,29765,0,0,0,0,0,0,260,28320,4034
ROI_4797__20200309T092029_20200309T092902_T34RDT,247204,13,0,55,3618,653,3,0,0,0,0,0,5902,872,0,3824
ROI_5145__20190706T201851_20190706T202346_T08VNM,0,0,120427,472,0,0,100000,0,0,0,6353,0,0,0,34892,0
ROI_5145__20190924T202151_20190924T202154_T08VNM,0,8,24582,29200,0,0,134999,6219,0,1,52933,14202,0,0,0,0
ROI_5145__20200114T201759_20200114T201801_T08VNM,0,4,262139,1,0,0,0,0,0,0,0,0,0,0,0,0
ROI_5145__20200521T201901_20200521T202253_T08VNM,0,0,249208,6854,0,0,5133,0,0,0,0,0,0,0,949,0
ROI_5145__20200630T201851_20200630T202618_T08VNM,0,0,131155,7906,0,18,66189,1142,0,0,20039,0,0,0,6178,29517
ROI_5244__20181227T032139_20181227T032421_T50TLM,0,0,103622,158522,0,0,0,0,0,0,0,0,0,0,0,0
ROI_5244__20190801T030549_20190801T031104_T50TLM,0,1107,7745,204169,0,783,23940,1771,0,18,396,65,0,9653,201,12296
ROI_5244__20200515T031541_20200515T031910_T50TLM,0,0,3063,0,0,0,222721,0,0,0,0,0,0,0,36360,0
ROI_5244__20200527T030549_20200527T030612_T50TLM,0,0,134583,16693,0,0,65881,282,0,0,468,0,0,7,30126,14104
ROI_5244__20200729T031539_20200729T032541_T50TLM,0,0,39153,47823,0,0,115195,0,0,89,11418,593,0,0,43390,4483
ROI_5305__20190602T012709_20190602T012703_T54TXP,775,0,16466,36137,0,0,162012,2149,0,0,0,0,0,0,36259,8346
ROI_5305__20190930T012659_20190930T012655_T54TXP,0,0,72812,4917,0,0,71299,0,0,0,9413,0,0,354,92139,11210
ROI_5305__20191121T011941_20191121T011942_T54TXP,0,0,3063,0,0,0,251482,0,0,0,0,0,0,0,7599,0
ROI_5305__20200128T012919_20200128T012915_T54TXP,0,0,262144,0,0,0,0,0,0,0,0,0,0,0,0,0
ROI_5305__20200706T012659_20200706T012657_T54TXP,38254,0,73039,51654,5,0,50171,843,0,0,0,0,191,0,34982,13005
ROI_5607__20190404T073619_20190404T080232_T36KVU,0,0,30940,0,0,0,180552,0,0,0,297,0,0,0,50355,0
ROI_5607__20200213T074021_20200213T080323_T36KVU,0,324,63387,69739,0,0,59457,1880,0,0,3913,18819,0,114,37443,7068
ROI_5607__20200314T073651_20200314T080510_T36KVU,0,0,7638,0,0,75,144932,5,0,55,18082,3,0,0,91250,104
ROI_5607__20200413T073611_20200413T074903_T36KVU,9356,1352,102357,4477,5,0,90339,13,0,0,3478,0,16,428,48458,1865
ROI_5607__20200712T073621_20200712T080432_T36KVU,0,0,262144,0,0,0,0,0,0,0,0,0,0,0,0,0
ROI_5622__20190811T080619_20190811T082415_T35LPK,0,0,28342,233802,0,0,0,0,0,0,0,0,0,0,0,0
ROI_5622__20191224T081341_20191224T082110_T35LPK,0,164,31558,117804,0,30,11841,21878,0,35,22370,53208,0,0,3084,172
ROI_5622__20200222T080931_20200222T082541_T35LPK,13601,0,60881,2019,949,0,168458,2,0,0,16233,1,0,0,0,0
ROI_5622__20200227T080859_20200227T082855_T35LPK,424,12474,75398,68831,0,0,88291,53,0,0,9871,6802,0,0,0,0
ROI_5622__20200606T080609_20200606T083047_T35LPK,0,0,262140,4,0,0,0,0,0,0,0,0,0,0,0,0
ROI_5830__20190103T090351_20190103T090811_T34NBM,0,0,254674,7470,0,0,0,0,0,0,0,0,0,0,0,0
ROI_5830__20190528T085609_20190528T090917_T34NBM,55,206,119734,2,61,143,92296,0,0,0,326,0,25,62,49234,0
ROI_5830__20190925T085709_20190925T091045_T34NBM,0,0,21311,0,0,0,175680,0,0,0,8961,0,0,0,56192,0
ROI_5830__20191030T090111_20191030T091429_T34NBM,0,0,95074,49,0,0,114424,0,0,0,9998,0,0,0,41495,1104
ROI_5830__20200611T085559_20200611T091323_T34NBM,0,0,5358,0,0,0,237792,0,0,0,330,0,0,0,18664,0
ROI_5860__20190327T125311_20190327T125307_T24KTB,0,29,73468,55804,0,72,74093,1434,0,0,0,0,0,184,39226,17834
ROI_5860__20190501T125319_20190501T125521_T24KTB,0,0,78539,71,0,1,163538,1456,0,0,2633,0,0,0,15906,0
ROI_5860__20191028T125309_20191028T125309_T24KTB,0,0,261969,175,0,0,0,0,0,0,0,0,0,0,0,0
ROI_5860__20191227T125309_20191227T125303_T24KTB,39,292,15172,206972,0,169,28163,2056,0,0,0,0,0,183,7903,1195
ROI_5860__20200425T125309_20200425T125346_T24KTB,0,100,5676,4948,0,399,161314,1485,0,665,37730,40175,0,1452,7546,654
ROI_5940__20191115T143731_20191115T144536_T19HCV,0,74,213431,141,0,10,32244,153,0,0,2529,0,0,48,12792,722
ROI_5940__20200126T142649_20200126T143543_T19HCV,0,0,127832,62,0,0,87100,43,0,0,26655,0,0,0,14235,6217
ROI_5940__20200403T143721_20200403T144642_T19HCV,0,0,113420,0,0,0,0,0,0,0,148724,0,0,0,0,0
ROI_5940__20200410T142731_20200410T143742_T19HCV,714,0,261430,0,0,0,0,0,0,0,0,0,0,0,0,0
ROI_5940__20200528T143729_20200528T144647_T19HCV,0,0,3063,0,0,0,253133,0,0,0,1,0,0,0,5947,0
ROI_6118__20190316T132231_20190316T132230_T23MMQ,0,0,3063,0,0,0,241246,0,0,0,5826,0,0,0,12009,0
ROI_6118__20190609T132239_20190609T132240_T23MMQ,1020,0,167456,2843,0,0,0,0,915,0,51800,38110,0,0,0,0
ROI_6118__20190808T132239_20190808T132240_T23MMQ,0,0,52608,209536,0,0,0,0,0,0,0,0,0,0,0,0
ROI_6118__20190912T132231_20190912T132231_T23MMQ,0,71,167197,71494,0,524,10501,2998,0,0,0,0,0,2,4502,4855
ROI_6118__20191111T132241_20191111T132235_T23MMQ,7220,0,93351,2701,0,0,131318,0,0,0,0,0,103,0,27172,279
ROI_6213__20190125T145721_20190125T145722_T19PGP,0,0,262144,0,0,0,0,0,0,0,0,0,0,0,0,0
ROI_6213__20190326T145731_20190326T145725_T19PGP,0,12985,162807,60919,0,82,11131,286,0,3,9055,0,0,98,4630,148
ROI_6213__20190724T145731_20190724T145730_T19PGP,0,0,87687,7985,0,380,54627,55,0,56,111354,0,0,0,0,0
ROI_6213__20200330T145721_20200330T145721_T19PGP,0,17765,28606,0,0,177,172319,0,0,1076,33142,0,0,537,8522,0
ROI_6213__20200424T145719_20200424T145720_T19PGP,0,279,158896,8523,0,0,47616,91,0,0,25631,0,0,0,21108,0
ROI_6461__20190713T143759_20190713T143800_T19MHP,0,0,172729,4,0,0,0,0,0,0,89410,1,0,0,0,0
ROI_6461__20190728T143751_20190728T144229_T20MKU,0,0,0,262144,0,0,0,0,0,0,0,0,0,0,0,0
ROI_6461__20190926T143751_20190926T143747_T20MKU,0,0,86067,108462,0,0,2239,0,0,0,64165,1211,0,0,0,0
ROI_6461__20191220T143719_20191220T143721_T19MHP,0,11474,24814,2,0,2471,158865,4,0,7617,45498,0,0,1499,9900,0
ROI_6461__20200109T143719_20200109T143721_T19MHP,0,75313,25602,1321,0,36,97934,380,0,0,4498,11848,0,4196,3308,37708
ROI_6641__20190722T185921_20190722T190551_T10TDN,262144,0,0,0,0,0,0,0,0,0,0,0,0,0,0,0
ROI_6641__20190920T190051_20190920T190914_T10TDN,0,0,81237,0,0,0,147895,0,0,0,7684,0,0,0,25328,0
ROI_6641__20191124T190719_20191124T190716_T10TDN,0,0,3063,0,0,0,251561,0,0,0,0,0,0,0,7520,0
ROI_6641__20200621T185919_20200621T190712_T10TDN,0,0,82663,130125,0,0,40198,710,0,0,0,0,0,0,7638,810
ROI_6641__20200711T185919_20200711T190544_T10TDN,148154,1565,4071,99452,0,531,5260,2214,0,0,0,0,0,0,0,897
ROI_6833__20190102T140049_20190102T140050_T21JTF,0,3372,34054,198866,0,665,11573,451,0,0,0,0,0,330,7286,5547
ROI_6833__20190206T140051_20190206T140049_T21JTF,0,0,251093,11051,0,0,0,0,0,0,0,0,0,0,0,0
ROI_6833__20190419T135119_20190419T135715_T21JTF,0,0,3064,0,0,1,122699,0,0,0,130492,35,0,0,5853,0
ROI_6833__20190517T140101_20190517T140056_T21JTF,0,138,7932,194323,0,165,5685,325,0,458,1213,43377,0,0,966,7562
ROI_6833__20200511T140101_20200511T140057_T21JTF,0,0,24521,1506,0,4,127087,0,0,0,0,0,534,0,80427,28065
ROI_6860__20190228T152639_20190228T152637_T18PZU,0,0,110053,0,0,0,102995,0,0,0,0,0,0,0,49096,0
ROI_6860__20190305T152631_20190305T152846_T18PZU,0,0,102942,0,0,0,130869,0,0,0,0,0,0,0,28333,0
ROI_6860__20200208T152631_20200208T152631_T18PZU,258,0,261886,0,0,0,0,0,0,0,0,0,0,0,0,0
ROI_6860__20200707T152641_20200707T152643_T18PZU,182871,26,39671,19320,103,253,7996,813,0,0,68,341,539,1831,1111,7201
ROI_6860__20200709T151709_20200709T151705_T18PZU,28,1054,198148,1026,0,1819,39558,857,0,0,0,0,0,1845,14481,3328
ROI_6908__20190227T181311_20190227T181919_T12TYT,0,0,262144,0,0,0,0,0,0,0,0,0,0,0,0,0
ROI_6908__20190617T180921_20190617T180949_T12TYT,0,0,260463,0,0,0,701,0,0,0,0,0,0,0,980,0
ROI_6908__20190627T180921_20190627T181359_T12TYT,0,0,205362,1807,0,883,30039,5667,0,113,6113,139,0,0,8659,3362
ROI_6908__20190717T180921_20190717T181847_T12TYT,0,0,129786,0,0,0,74260,0,0,0,3034,0,0,0,55064,0
ROI_6908__20190831T180919_20190831T181408_T12TYT,0,0,138715,0,0,0,1680,0,0,0,75397,0,0,0,46352,0
ROI_7063__20181226T080331_20181226T082041_T35JNK,0,0,216120,46024,0,0,0,0,0,0,0,0,0,0,0,0
ROI_7063__20190308T074749_20190308T081646_T35JNK,40667,0,4697,258,222,0,112162,0,3540,0,10932,83,80267,0,9316,0
ROI_7063__20191108T075131_20191108T081042_T35JNK,0,0,75741,188,0,0,92375,271,0,0,37422,0,0,0,51608,4539
ROI_7063__20191221T080331_20191221T080920_T35JNK,0,433,12128,15252,0,39,67816,89,0,1579,150834,13974,0,0,0,0
ROI_7063__20200224T075919_20200224T082412_T35JNK,0,0,78018,147574,0,0,0,0,0,0,35908,644,0,0,0,0
ROI_7640__20190111T073259_20190111T075530_T36KWU,0,0,261675,469,0,0,0,0,0,0,0,0,0,0,0,0
ROI_7640__20190322T072619_20190322T074833_T36KWU,12745,0,5870,2748,867,9,139005,3191,0,0,0,0,9032,9,44585,44083
ROI_7640__20190620T072629_20190620T075504_T36KWU,981,0,204523,30308,0,14,7211,1855,0,0,0,0,0,0,13430,3822
ROI_7640__20190908T072619_20190908T075454_T36KWU,0,1091,74579,76357,0,114,58540,405,0,0,0,0,0,1145,40822,9091
ROI_7640__20200106T073209_20200106T075445_T36KWU,0,711,1916,181510,0,2195,25436,14487,0,0,0,0,0,5128,1316,29445
ROI_8052__20190503T085601_20190503T091441_T34NBM,0,0,122678,51378,0,0,0,0,0,0,3943,12057,0,0,11913,60175
ROI_8052__20190528T085609_20190528T090917_T34NBM,697,0,74753,0,524,0,134622,0,0,0,0,0,198,0,51350,0
ROI_8052__20190816T085559_20190816T090748_T34NBM,0,0,184263,70137,0,0,3023,490,0,0,0,0,0,0,2480,1751
ROI_8052__20200626T085601_20200626T091809_T34NBM,0,0,260058,2086,0,0,0,0,0,0,0,0,0,0,0,0
ROI_8052__20200721T085559_20200721T091544_T34NBM,0,0,5921,0,0,0,238086,0,0,0,0,0,0,0,18137,0
ROI_8234__20181222T064251_20181222T064254_T40QEM,0,0,87172,820,0,0,85207,360,0,0,0,0,0,0,79681,8904
ROI_8234__20200116T064221_20200116T064216_T40QEM,0,0,262144,0,0,0,0,0,0,0,0,0,0,0,0,0
ROI_8234__20200316T063621_20200316T065200_T40QEM,0,0,3063,0,0,0,250200,0,0,0,0,0,0,0,8881,0
ROI_8234__20200321T063629_20200321T064926_T40QEM,0,0,3063,0,0,0,230649,0,0,0,5021,0,0,0,23411,0
ROI_8234__20200619T063629_20200619T064225_T40QEM,0,982,246522,1053,0,3351,5341,102,0,0,0,0,0,973,3383,437
ROI_8347__20180504T082559_20180504T083219_T37TCF,23939,0,2762,0,63,0,127092,189,0,0,0,0,80340,0,19810,7949
ROI_8347__20180608T082601_20180608T083239_T37TCF,148079,0,54679,0,1969,0,35045,0,0,0,0,0,11938,0,10434,0
ROI_8347__20180807T082601_20180807T083604_T37TCF,0,0,14355,0,0,0,213583,0,0,0,0,0,0,0,32341,1865
ROI_8347__20190802T082611_20190802T082606_T37TCF,15392,0,83681,1136,605,0,102966,901,0,0,0,0,7261,0,43618,6584
ROI_8347__20200622T082609_20200622T083740_T37TCF,27804,0,0,234340,0,0,0,0,0,0,0,0,0,0,0,0
ROI_8676__20180703T105621_20180703T105938_T31TCN,0,243,93254,64061,0,531,51953,551,0,0,0,0,0,5084,40634,5833
ROI_8676__20180814T105019_20180814T105021_T30TYT,0,0,40189,0,0,0,154345,0,0,0,0,0,0,0,67610,0
ROI_8676__20180817T105619_20180817T110514_T31TCN,0,70,65309,83030,0,626,68721,1296,0,0,0,0,0,104,36843,6145
ROI_8676__20190908T105029_20190908T105028_T31TCN,0,0,63430,0,0,0,126178,0,0,0,0,0,0,0,72536,0
ROI_8676__20200405T104619_20200405T105015_T30TYT,208,0,132436,129500,0,0,0,0,0,0,0,0,0,0,0,0
ROI_8710__20190220T105059_20190220T105057_T31UDQ,6469,0,16397,105501,0,0,110782,2570,0,0,0,0,0,0,18528,1897
ROI_8710__20190322T105029_20190322T105540_T31UDQ,0,0,58677,203467,0,0,0,0,0,0,0,0,0,0,0,0
ROI_8710__20190524T105629_20190524T110120_T31UDQ,0,848,62808,45241,0,28136,221,4004,0,39340,19347,37501,0,7679,11334,5685
ROI_8710__20190720T105039_20190720T105035_T31UDQ,0,0,18998,0,0,0,148322,0,0,0,63921,0,0,0,30903,0
ROI_8710__20190918T105029_20190918T105246_T31UDQ,0,1291,9809,59,0,1876,147226,50,0,4342,72757,0,0,7827,16900,7
ROI_8711__20190620T105039_20190620T105034_T31UDQ,38975,0,8369,10294,3438,235,151917,4570,0,0,0,0,4293,113,32034,7906
ROI_8711__20190807T105621_20190807T110430_T31UDQ,0,0,8671,0,0,0,178100,0,0,0,0,0,0,0,75179,194
ROI_8711__20190819T105029_20190819T105032_T31UDQ,0,0,77047,0,0,0,110140,0,0,0,0,0,0,0,74844,113
ROI_8711__20191018T105039_20191018T105338_T31UDQ,0,120,80966,606,0,19,90835,0,0,0,0,0,0,195,88473,930
ROI_8711__20200104T110441_20200104T110437_T31UDQ,681,0,161157,100306,0,0,0,0,0,0,0,0,0,0,0,0
ROI_8713__20180426T105029_20180426T105202_T31UDP,0,1347,15005,141420,0,1862,66130,5329,0,0,0,0,0,1301,7855,21895
ROI_8713__20180526T105029_20180526T105635_T31UDP,0,0,3063,0,0,1,145359,0,0,0,66525,0,0,0,47196,0
ROI_8713__20180715T105029_20180715T105300_T31UDP,1873,9381,214750,36140,0,0,0,0,0,0,0,0,0,0,0,0
ROI_8713__20190819T105029_20190819T105032_T31UDP,0,0,48248,26947,0,0,106805,405,0,0,0,0,0,0,64791,14948
ROI_8713__20200614T104629_20200614T105727_T31UDP,0,0,10004,0,0,0,222733,0,0,0,0,0,0,0,29407,0
ROI_8945__20180705T100031_20180705T100508_T33TWL,137375,0,2087,122682,0,0,0,0,0,0,0,0,0,0,0,0
ROI_8945__20190804T100039_20190804T100758_T33TWL,0,0,37854,0,0,0,134718,0,0,0,31561,0,0,0,58007,4
ROI_8945__20191015T095031_20191015T095354_T33TWL,23220,0,20034,3927,0,0,43202,0,785,0,116047,4726,287,0,49900,16
ROI_8945__20200629T100029_20200629T100503_T33TWL,203164,24,4215,4264,1309,9,25503,1439,0,0,0,0,10733,0,5077,6407
ROI_8945__20200729T100029_20200729T100152_T33TWL,292,0,29845,13615,0,0,170251,349,0,0,0,0,0,0,45937,1855
ROI_9177__20190530T084601_20190530T084608_T36UWV,0,0,48118,214026,0,0,0,0,0,0,0,0,0,0,0,0
ROI_9177__20190616T083601_20190616T084207_T36UWV,0,670,5867,182792,0,581,12561,407,0,1010,8223,43501,0,5125,805,602
ROI_9177__20190711T083609_20190711T084452_T36UWV,0,0,12330,58940,0,0,141247,3553,0,0,0,0,0,0,20209,25865
ROI_9177__20190803T084609_20190803T085254_T36UWV,0,0,27063,7,0,0,138676,0,0,1,44722,28,0,0,51647,0
ROI_9177__20200715T083559_20200715T083706_T36UWV,0,0,9122,155951,0,0,47626,18685,0,0,0,0,0,0,2874,27886
ROI_9184__20190102T084349_20190102T084604_T36UXU,0,0,262144,0,0,0,0,0,0,0,0,0,0,0,0,0
ROI_9184__20190507T083601_20190507T084614_T36UXU,0,1676,40151,32599,0,1245,134976,660,0,0,0,0,0,3150,26346,21341
ROI_9184__20190805T083601_20190805T083629_T36UXU,0,782,112692,68784,0,909,53835,33,0,0,0,0,0,114,20346,4649
ROI_9184__20190820T083609_20190820T084332_T36UXU,0,56,99565,51638,0,66,61974,0,0,0,0,0,0,83,42465,6297
ROI_9184__20200317T083659_20200317T084226_T36UXU,0,197,1382,1484,0,605,68628,2563,0,1278,59749,126258,0,0,0,0
ROI_9251__20190216T084031_20190216T084027_T37VEG,0,0,212156,947,0,0,11144,0,0,0,0,0,0,0,37897,0
ROI_9251__20190818T084601_20190818T085006_T37VEG,0,0,1130,27061,0,0,28642,13375,0,0,33596,123327,0,0,4242,30771
ROI_9251__20191123T084301_20191123T084306_T37VEG,0,0,243511,18633,0,0,0,0,0,0,0,0,0,0,0,0
ROI_9251__20200122T084241_20200122T084258_T37VEG,0,2362,17596,134637,0,24,316,702,0,14,22375,23842,0,381,14781,45114
ROI_9251__20200411T083601_20200411T083902_T37VEG,0,456,39387,46300,0,30,170623,4397,0,0,793,158,0,0,0,0
ROI_9277__20190316T084719_20190316T084715_T37VFK,0,0,243501,0,0,0,4968,0,0,0,0,0,0,0,13675,0
ROI_9277__20190417T083601_20190417T083603_T37VFK,0,0,47660,171,0,0,172847,0,0,0,0,0,0,0,39663,1803
ROI_9277__20190502T083609_20190502T084027_T37VFK,0,0,262144,0,0,0,0,0,0,0,0,0,0,0,0,0
ROI_9277__20190616T083601_20190616T084207_T37VFK,0,0,29164,0,0,0,204304,0,0,0,26140,0,0,0,2536,0
ROI_9277__20190818T084601_20190818T085006_T38VLQ,43,0,119165,29814,0,77,53609,1720,0,0,0,0,0,1022,41293,15401
ROI_9659__20190104T024109_20190104T024110_T51TXF,257412,0,4732,0,0,0,0,0,0,0,0,0,0,0,0,0
ROI_9659__20190504T023559_20190504T024226_T51TXF,0,837,174814,3647,0,0,1309,0,0,7530,73690,317,0,0,0,0
ROI_9659__20190605T022551_20190605T023452_T51TXF,0,58,44915,53514,0,0,118694,2399,0,0,26715,0,0,0,12405,3444
ROI_9659__20200119T024019_20200119T024022_T51TXF,0,0,115865,0,0,0,139210,0,0,0,0,0,0,0,7069,0
ROI_9659__20200530T022601_20200530T023518_T51TXF,172690,0,16677,57551,0,11,3146,658,0,0,5113,4450,0,0,205,1643
ROI_9761__20190120T035051_20190120T035439_T48TYT,0,0,262144,0,0,0,0,0,0,0,0,0,0,0,0,0
ROI_9761__20190609T034541_20190609T035004_T48TYT,0,0,3063,0,0,0,192214,2,0,0,57540,0,0,0,9325,0
ROI_9761__20190629T034541_20190629T034539_T48TYT,0,0,132841,11617,0,0,71034,144,0,0,0,0,0,0,39522,6986
ROI_9761__20200419T034529_20200419T034529_T48TYT,61076,321,177839,415,0,420,5583,199,0,0,0,0,0,1073,5118,10100
ROI_9761__20200618T034539_20200618T034537_T48TYT,0,0,87148,70397,0,0,0,0,0,0,19000,85599,0,0,0,0
ROI_9770__20190403T053641_20190403T054058_T45VWJ,0,0,3063,0,0,0,214618,0,0,0,0,0,0,0,44463,0
ROI_9770__20190605T054641_20190605T055100_T45VWJ,0,0,262139,5,0,0,0,0,0,0,0,0,0,0,0,0
ROI_9770__20190804T054641_20190804T054642_T45VWJ,0,0,39225,65084,0,32,83571,3421,0,0,0,0,0,0,18108,52703
ROI_9770__20190816T053649_20190816T053944_T45VWJ,21,0,261604,42,0,0,235,0,0,0,0,0,0,0,242,0
ROI_9770__20200729T054641_20200729T054849_T45VWJ,0,0,32745,2822,0,0,146317,1321,0,0,0,0,0,0,66360,12579
ROI_9795__20190506T063639_20190506T063634_T43WER,0,0,262144,0,0,0,0,0,0,0,0,0,0,0,0,0
ROI_9795__20190804T063639_20190804T063633_T43WER,0,0,120513,26249,0,0,50120,8357,0,0,0,0,0,0,31549,25356
ROI_9795__20200607T064631_20200607T064858_T43WER,0,111736,82985,65067,0,0,0,0,0,2155,0,201,0,0,0,0
ROI_9795__20200617T064631_20200617T064630_T43WER,0,81,21981,47455,0,0,135689,5551,0,0,0,0,0,36,23693,27658
ROI_9795__20200722T064629_20200722T064811_T43WER,107751,163,30406,52288,2492,112,47179,9793,0,0,0,0,0,0,8849,3111
__aggregate__,12261391,1058148,93274556,29673720,313156,452857,70830964,1478837,310466,215525,17600577,3858500,540757,418209,19750051,3552686
